firstname,commonname,surname,skintypecode,haircolorcode,facialhairtypecode,managerid,hairtypecode,headtypecode,height,seasonaloutfitid,weight,hashighqualityhead,gender,headassetid,ethnicity,faceposerpreset,teamid,eyebrowcode,eyecolorcode,personalityid,headclasscode,nationality,sideburnscode,headvariation,skintonecode,outfitid,hairstylecode,bodytypecode,managerjointeamdate,facialhaircolorcode
Mikel,Mikel Arteta,Arteta Amatriain,2,0,4,254782,160,2521,175,5557,75,0,0,45119,4,3,1,1,5,1,0,45,0,0,3,5566,0,81,159678,0
Unai,Unai Emery,Emery Etxegoien,51,0,0,237389,30,2020,181,5541,75,1,0,237389,3,0,2,0,4,1,0,45,0,0,4,5574,0,81,160725,0
,,,51,5,0,254883,155,3,182,5511,75,0,0,26541,2,3,3,0,6,0,0,13,0,0,2,5506,0,82,160585,1
,,,2,6,8,257088,114,3500,191,5578,75,0,0,26541,2,3,4,2,6,1,0,14,0,0,2,5578,0,85,159872,3
Mauricio,,Pochettino,51,3,6,8885,174,2512,182,5511,81,1,0,8885,2,3,5,1,4,0,0,52,0,0,1,5510,0,82,160967,22
Sean,,Dyche,51,27,3,51404,43,3500,183,5538,86,1,0,51404,1,0,7,0,6,1,0,14,0,0,3,5517,0,82,160815,17
,,,51,5,4,249179,35,1546,182,5707,75,0,0,26541,3,3,8,0,6,0,0,21,0,0,3,5567,0,82,160970,23
Jürgen,,Klopp,51,8,8,232302,310,3516,193,5509,70,1,0,232302,3,0,9,0,1,1,0,21,0,0,4,5707,0,86,158144,8
Josep,Pep Guardiola,Guardiola i Sala,51,6,8,169894,0,1502,180,5509,73,1,0,243712,3,4,10,0,4,1,0,45,0,1,4,5718,0,81,158411,9
Erik,,ten Hag,51,9,4,249329,0,4008,182,5509,75,1,0,249329,3,0,11,2,5,0,0,34,0,0,5,5507,0,81,160977,3
,,,2,3,4,265587,129,4008,188,5557,75,0,0,26541,2,3,12,6,6,0,0,14,0,0,2,5569,0,84,160717,3
Eddie,,Howe,51,1,6,232297,118,2021,178,5511,75,1,0,232297,2,0,13,2,2,0,0,14,0,0,3,5510,0,81,160367,1
Steve,,Cooper,51,4,0,251137,290,17,182,5509,75,1,0,251137,1,3,14,6,2,0,0,50,0,0,1,5551,0,82,160977,1
,,,2,9,4,250029,633,1541,178,5560,75,0,0,26543,3,0,15,0,7,1,0,45,0,0,3,5507,0,81,161088,0
,,,2,3,28,254124,42,2517,185,5557,75,0,0,26543,1,0,17,0,7,0,0,42,0,0,1,5713,0,85,160957,3
Ange,,Postecoglou,51,8,45,220812,655,2007,184,5511,75,0,0,220812,4,0,18,0,4,0,1,195,0,0,4,5578,0,83,160967,8
David,,Moyes,51,24,0,235732,648,3516,185,5511,79,1,0,235732,1,0,19,2,8,0,0,42,0,0,3,5506,0,85,159687,4
,,,2,5,6,250585,310,2000,192,5551,75,0,0,26540,2,3,21,1,1,1,0,21,0,0,2,5506,0,84,160868,9
Edin,,Terzić,2,19,6,260049,162,57,184,5511,75,0,0,260049,2,0,22,2,6,0,1,21,0,0,2,5566,0,82,160602,5
,,,51,3,6,138420,35,2512,186,5509,83,0,0,26541,3,3,23,0,6,0,0,47,0,0,3,5520,0,85,160237,6
,,,51,24,0,249127,655,3516,181,5557,75,0,0,26542,2,0,25,0,3,1,0,21,0,0,2,5551,0,81,156765,1
,,,51,23,0,248964,244,2515,182,5511,75,0,0,26543,3,0,27,2,7,0,0,21,0,0,3,5522,0,83,160866,0
,,,51,8,8,250590,37,2500,192,5511,75,0,0,26542,3,0,28,0,3,1,0,21,0,0,3,5520,0,85,160237,8
,,,2,0,3,7379,154,2510,179,5544,78,0,0,26543,4,0,29,0,7,0,0,22,0,0,4,5523,0,82,160940,0
,,,51,6,8,650,181,30,178,5566,77,0,0,26538,2,0,31,0,2,1,0,21,0,0,2,5522,0,83,160237,23
,,,2,3,4,262757,149,3516,183,5529,75,0,0,26541,2,3,32,0,6,0,0,45,0,0,2,5522,0,82,160698,7
Frank,,Schmöller,51,9,0,279540,150,1500,189,5555,75,0,0,279540,2,0,33,2,9,0,1,21,0,0,2,5565,0,86,161124,9
,,,2,15,0,269595,117,38,186,5509,75,0,0,26539,1,0,34,6,1,0,0,7,0,0,1,5717,0,85,160602,1
,,,2,5,4,251527,310,34,178,5557,75,0,0,26540,2,3,36,6,1,0,0,21,0,0,2,5728,0,82,160878,20
,,,0,6,6,253394,310,3510,189,5511,75,0,0,26544,2,0,38,0,9,0,0,21,0,0,2,5510,0,85,160387,6
Simone,,Inzaghi,2,0,0,7728,59,1510,183,5548,82,0,0,7728,2,0,44,0,3,1,1,27,0,0,2,5580,0,81,160209,0
Massimiliano,,Allegri,51,23,6,250047,290,1508,181,5529,75,1,0,250047,1,0,45,1,6,1,0,27,0,0,3,5514,0,81,160203,23
Stefano,,Pioli,51,9,14,250527,0,2014,183,5511,75,0,0,250527,2,0,47,6,9,0,1,27,0,0,2,5566,0,82,159606,8
Fabio,,Pecchia,2,9,4,1145,17,1519,172,5560,68,0,0,1145,2,0,50,0,3,1,1,27,0,0,2,5578,0,88,160573,9
Ivan,,Jurić,51,23,6,155191,59,50,175,5510,67,0,0,155191,2,0,54,1,5,1,1,10,0,0,2,5713,0,82,160237,23
Gabriele,,Cioffi,2,3,0,157756,59,7,196,5558,89,0,0,157756,4,0,55,0,4,0,1,27,0,0,4,5534,0,84,161083,3
,,,51,9,0,249132,105,3513,176,5509,75,0,0,26540,2,3,57,0,1,0,0,18,0,0,2,5523,0,82,160719,0
,,,2,24,0,250357,182,1506,183,5509,75,0,0,26540,3,3,58,0,1,1,0,18,0,0,3,5513,0,81,160331,3
,,,2,5,4,278852,638,1514,187,5500,75,0,0,26541,2,3,59,1,6,0,0,45,0,0,2,5508,0,85,161070,5
,,,51,6,6,262532,682,4004,183,5557,75,0,0,26539,1,0,62,2,1,0,0,18,0,0,1,5566,0,81,160237,3
,,,51,9,8,116880,150,2508,179,5509,76,0,0,26543,2,0,64,2,7,0,0,18,0,0,2,5569,0,82,159745,8
,,,2,21,6,250262,156,2522,188,5530,75,0,0,26543,2,0,65,0,7,0,0,38,0,0,2,5502,0,84,160602,21
,,,0,0,0,63006,16,1,180,5500,75,0,0,26537,2,0,66,0,1,1,0,14,0,0,2,5500,0,86,158960,0
,,,51,24,0,249887,632,30,178,5511,75,0,0,26542,2,0,68,0,3,1,0,39,0,0,2,5717,0,82,160587,22
,,,51,9,4,248898,150,2504,184,5509,75,0,0,26544,2,0,69,0,9,0,0,4,0,0,2,5566,0,82,160970,0
,,,51,9,4,250092,290,3516,180,5529,75,0,0,26538,1,0,70,1,2,1,0,3,0,0,1,5525,0,82,160824,8
,,,51,3,0,275309,92,1506,180,5506,75,0,0,26540,2,3,71,0,1,0,0,18,0,0,2,5506,0,81,160914,6
,,,2,0,4,263710,657,3514,174,5520,75,0,0,26543,3,0,72,6,7,1,0,27,0,0,3,5566,0,87,160967,0
Luis Enrique,Luis Enrique,Martínez García,1,9,4,249948,293,2500,180,5536,75,1,0,249948,3,4,73,0,6,0,0,45,0,0,3,5523,0,82,160971,0
,,,2,3,16,249814,642,2030,183,5504,75,0,0,26541,1,3,74,0,6,0,0,18,0,0,1,5504,0,81,161108,0
,,,51,0,6,262194,43,1000,192,5555,75,0,0,26545,9,2,76,0,9,0,0,18,0,0,9,5508,0,85,160968,0
Barry,,Robson,51,17,0,274909,65,3500,180,5511,75,0,0,274909,2,0,77,0,1,1,1,42,0,0,2,5510,0,81,160814,2
Brendan,,Rodgers,51,5,0,249063,150,2515,170,5539,75,1,0,249063,2,3,78,1,7,0,0,35,0,0,3,5579,0,88,160955,5
Steven,,Naismith,2,4,6,275112,0,3516,178,5707,75,0,0,275112,1,0,80,2,2,1,1,42,0,0,1,5707,0,82,160886,1
Nick,,Montgomery,2,23,0,262953,140,49,175,5555,75,0,0,262953,2,0,81,1,3,0,1,42,0,0,2,5718,0,82,161039,6
Derek,,McInnes,51,23,8,51495,65,1526,170,5509,65,0,0,51495,3,0,82,0,3,0,1,42,0,0,3,5551,0,88,160424,9
Stuart,,Kettlewell,2,23,8,208673,123,4014,183,5506,70,0,0,208673,2,0,83,0,3,0,1,42,0,0,2,5506,0,82,160838,23
Philippe,,Clement,51,24,45,8834,0,1503,191,5539,87,0,0,8834,1,0,86,0,1,0,1,7,0,0,1,5574,0,85,161073,1
,,,2,5,8,260112,227,2007,176,5511,75,0,0,26539,2,0,88,0,1,0,0,14,0,0,2,5510,0,82,161069,5
,,,51,3,4,250077,43,51,175,5511,75,0,0,26538,2,0,89,0,2,0,0,14,0,0,2,5566,0,83,161036,0
,,,51,23,8,53904,0,43,175,5511,74,0,0,26544,2,0,91,1,9,1,0,14,0,0,2,5510,0,81,160685,23
,,,51,5,4,100707,114,15,191,5509,82,0,0,26541,2,3,92,0,6,0,0,205,0,0,2,5504,0,85,161116,3
,,,2,9,6,266184,189,47,185,5511,71,0,0,26541,2,3,94,0,6,0,0,35,0,0,2,5521,0,85,160405,3
,,,2,0,4,263428,0,3509,180,5510,75,0,0,26544,2,0,95,0,9,0,0,27,0,0,2,5510,0,82,160952,23
,,,0,19,6,279070,662,20,180,5509,75,0,0,26543,2,0,97,2,7,0,0,14,0,0,2,5521,0,82,161095,6
,,,0,0,0,63003,16,1,180,5500,75,0,0,26537,2,0,106,0,1,1,0,14,0,0,2,5500,0,86,158960,0
,,,2,0,8,257433,221,25,188,5527,75,0,0,26543,2,0,109,0,7,1,0,45,0,0,2,5520,0,85,160718,0
Gary,,O'Neil,2,9,4,271713,243,1507,173,5527,75,1,0,53593,2,1,110,0,8,0,0,14,0,0,4,5510,0,88,161006,23
,,,0,0,0,268328,16,1,180,5511,75,0,0,26537,2,0,111,0,1,0,0,70,0,0,2,5570,0,83,158960,0
,,,0,0,0,268329,16,1,180,5529,75,0,0,26537,2,0,112,0,1,0,0,95,0,0,2,5502,0,83,158960,0
,,,51,0,0,272649,693,2009,178,5511,75,0,0,26541,1,3,121,0,6,0,0,14,0,0,1,5510,0,81,160728,0
,,,2,6,0,262263,284,2031,177,5511,75,0,0,26541,2,3,127,1,6,0,0,14,0,0,2,5551,0,81,160962,6
,,,2,8,14,249499,289,3500,178,5511,75,0,0,26539,2,0,142,0,1,0,0,35,0,0,2,5707,0,82,160917,1
,,,2,6,6,45098,115,33,185,5511,74,0,0,26540,2,3,143,2,1,1,0,42,0,0,2,5520,0,86,160717,6
Marco Alexandre,Marco Silva,Saraiva da Silva,2,3,6,178609,177,30,180,5557,75,1,0,178609,3,0,144,1,4,0,0,38,0,0,3,5567,0,82,160237,3
,,,2,5,6,279147,243,3500,175,5511,75,0,0,26543,2,0,149,1,7,0,0,14,0,0,2,5510,0,82,161102,20
Michél,,Kniat,2,3,8,267907,642,1508,191,5509,75,0,0,267907,2,0,159,2,3,1,1,21,0,0,2,5569,0,85,160949,3
,,,51,0,0,250582,0,11,190,5555,75,0,0,26538,2,0,160,1,2,0,0,21,0,0,2,5522,0,84,160685,0
,,,51,8,6,248943,655,2502,182,5553,75,0,0,26540,2,3,165,1,1,1,0,21,0,0,2,5567,0,83,160717,19
,,,0,3,6,3492,243,3505,179,5557,83,0,0,26541,2,3,166,2,6,0,0,23,0,0,2,5520,0,82,160891,22
,,,2,5,8,247862,122,3513,180,5552,80,0,0,26540,2,3,169,0,1,0,0,21,0,0,2,5552,0,82,161091,5
,,,2,23,8,249161,189,3502,182,5511,75,0,0,26543,2,0,171,1,7,1,0,21,0,0,2,5506,0,83,160938,23
Marc,,Unterberger,0,20,4,276133,660,17,180,5506,75,0,0,276133,2,0,172,2,3,0,1,21,0,0,2,5708,0,82,160962,20
,,,2,23,4,3800,57,2002,176,5528,72,0,0,26541,3,3,175,0,6,0,0,10,0,0,3,5717,0,82,160602,8
Tony,,Docherty,2,9,6,276364,660,2006,173,5510,75,0,0,276364,2,0,180,0,2,0,1,42,0,0,2,5566,0,89,160934,8
Thiago,,Motta,2,3,0,254126,61,1526,187,5558,75,1,0,254126,4,3,189,0,3,0,0,27,0,0,3,5717,0,2,160675,0
Gerhard,,Struber,51,4,6,251656,0,1512,172,5718,75,0,0,251656,2,0,191,6,1,0,1,4,0,0,2,5566,0,87,160997,6
Paolo,,Vanoli,2,3,4,266077,9,58,184,5510,75,0,0,266077,1,0,205,0,3,1,1,27,0,0,1,5715,0,82,160731,8
Marco,,Baroni,51,8,12,249993,641,1521,185,5532,75,0,0,249993,3,0,206,1,9,0,1,27,0,0,3,5566,0,85,160967,8
Christian,,Ilzer,2,0,4,249125,0,7,183,5557,75,0,0,249125,1,0,209,0,6,1,1,4,0,0,1,5566,0,82,159888,23
,,,2,3,8,279476,164,55,180,5707,75,0,0,26540,2,3,210,1,1,0,0,18,0,0,2,5707,0,82,161119,0
Sergej,,Jakirović,2,3,0,277879,16,2510,191,5509,75,0,0,277879,2,0,211,2,3,1,1,8,0,0,2,5513,0,85,161018,3
,,,2,9,0,270696,181,2511,180,5509,75,0,0,26538,2,0,217,0,2,0,0,18,0,0,2,5566,0,82,160598,6
,,,51,9,8,262281,149,2500,177,5557,75,0,0,26543,4,0,219,0,7,1,0,27,0,0,4,5566,0,82,161055,23
Brian,,Riemer,51,9,6,272666,0,3516,175,5511,75,0,0,272666,2,0,229,0,1,0,1,13,0,0,2,5510,0,82,160756,9
Mark,,van Bommel,51,9,4,19765,22,2002,187,5509,86,0,0,19765,2,0,230,2,3,0,1,34,0,0,2,5508,0,85,160602,23
Ronny,,Deila,51,3,6,30398,230,1507,188,5511,86,0,0,30398,2,0,231,0,1,0,1,36,0,0,2,5508,0,85,160602,9
Carl,,Hoefkens,2,20,14,269322,61,1514,185,5511,75,0,0,269322,3,0,232,0,3,1,1,7,0,0,3,5500,0,86,160952,22
Roger,,Schmidt,51,6,0,250418,655,4018,188,5509,75,0,0,250418,3,0,234,6,4,0,1,21,0,0,3,5566,0,84,160602,6
Sérgio Paulo,Sérgio Conceição,Conceição,51,23,8,250492,65,4024,176,5555,75,1,0,7854,6,3,236,1,3,1,0,38,0,0,4,5504,0,82,158776,23
Rúben Filipe,Rúben Amorim,Marques Amorim,2,0,8,254801,220,1533,180,5707,75,0,0,254801,4,0,237,1,3,0,1,38,0,0,4,5522,0,82,159754,0
Diego,,Simeone,51,0,4,5571,236,1526,177,5509,77,1,0,5571,4,0,240,0,6,1,0,52,0,0,4,5500,0,81,156759,0
Xavier,Xavi,Hernández Creus,2,0,50,265436,221,42,170,5509,75,0,0,10535,3,0,241,1,9,0,0,45,0,0,3,5718,0,88,160365,23
Carlo,,Ancelotti,51,8,0,237388,114,59,179,5529,75,1,0,237388,4,0,243,1,1,0,0,27,0,0,4,5502,0,82,160237,0
Julio,Julio Velázquez,Velázquez Santiago,2,0,0,249817,160,54,178,5535,75,0,0,249817,2,0,244,0,3,1,1,45,0,0,2,5517,0,82,161109,0
,,,2,20,4,249704,117,2508,182,5511,75,0,0,26540,2,3,245,6,1,0,0,34,0,0,2,5505,0,82,161088,8
,,,2,0,6,250808,0,48,184,5509,75,0,0,26538,2,0,246,2,2,0,0,34,0,0,2,5725,0,82,160237,3
,,,2,0,6,250295,0,2006,175,5527,75,0,0,26544,2,0,247,2,9,0,0,34,0,0,2,5566,0,82,160967,0
Thomas,,Sageder,2,2,0,277936,117,4019,180,5511,75,0,0,277936,2,0,252,0,2,0,1,4,0,0,2,5727,0,82,160967,2
Robert,,Klauß,0,5,6,257577,141,2021,183,5509,75,0,0,257577,2,0,254,0,1,0,1,21,0,0,2,5566,0,82,161109,22
Michael,,Wimmer,2,5,6,272000,558,4011,184,5521,75,0,0,272000,3,0,256,0,2,1,1,21,0,0,3,5566,0,83,160788,5
Asier,Asier Garitano,Garitano,51,0,6,249029,291,4013,169,5509,75,0,0,249029,1,0,260,0,4,0,1,45,0,0,1,5566,0,88,160967,0
Mislav,,Karoglan,2,23,0,271773,189,48,181,5509,75,0,0,271773,2,0,263,0,3,0,1,10,0,0,2,5523,0,82,160675,0
Jindřich,,Trpišovský,51,0,28,249675,290,57,180,5527,75,0,0,249675,2,0,266,1,1,0,1,12,0,0,2,5566,0,82,159140,8
Brian,,Priske,2,23,6,252928,161,2508,188,5557,75,0,0,252928,2,0,267,0,1,1,1,13,0,0,2,5714,0,85,160602,23
Jesper,,Sørensen,51,9,4,249664,0,4010,177,5557,75,0,0,249664,2,0,269,1,1,0,1,13,0,0,2,5715,0,81,160787,9
Kent,,Nielsen,51,9,6,249849,154,4008,192,5511,75,0,0,249849,1,0,270,1,1,1,1,13,0,0,1,5520,0,86,159506,6
Uwe,,Rösler,51,23,8,250629,0,57,184,5509,75,0,0,250629,3,0,271,0,6,1,1,21,0,0,3,5520,0,82,160585,24
Søren,,Krogh,51,3,6,279009,218,2008,182,5511,75,0,0,279009,2,0,272,0,1,0,1,13,0,0,2,5728,0,82,161091,22
Matías,,Almeyda,2,3,0,4784,10,1526,174,5529,72,0,0,4784,2,0,278,0,4,1,1,52,0,0,2,5523,0,88,160602,3
,,,51,8,45,249211,39,4009,177,5555,75,0,0,26540,3,3,294,0,1,0,0,18,0,0,3,5523,0,82,161125,8
Svein,,Maalen,51,27,4,250553,118,37,182,5560,75,0,0,250553,3,0,298,0,3,0,1,36,0,0,3,5728,0,83,160982,27
Eirik,,Bakke,2,3,0,29276,140,4000,188,5558,80,0,0,29276,1,0,299,2,1,0,1,36,0,0,1,5718,0,85,161007,3
Bjarte Lunde,,Aarsheim,2,9,4,249057,151,2019,177,5511,75,0,0,249057,1,0,300,0,3,0,1,36,0,0,1,5510,0,81,160056,9
Daniel,,Myśliwiec,2,6,4,278078,54,1519,180,5511,75,0,0,278078,2,0,301,0,1,0,1,37,0,0,2,5554,0,82,161033,6
Declan,,Devine,1,23,0,157093,21,608,183,5511,73,0,0,157093,2,0,305,0,3,0,1,35,0,0,2,5510,0,82,160707,9
Stephen,,Bradley,2,3,8,169187,64,1520,170,5511,63,0,0,169187,2,0,306,1,2,1,1,25,0,0,2,5510,0,88,158549,23
Ivaylo,,Petev,2,9,45,249612,695,2520,181,5509,75,0,0,249612,2,0,308,0,3,0,1,9,0,0,2,5506,0,82,161096,23
Cristiano,,Bergodi,51,24,0,249164,156,3513,188,5511,75,0,0,249164,2,0,310,0,3,0,1,27,0,0,2,5554,0,85,160976,3
Jens Berthel,,Askou,2,1,6,249660,0,2027,190,5527,75,0,0,249660,1,0,319,0,1,1,1,13,0,0,1,5707,0,85,160943,1
Henrik,,Rydström,2,5,4,47178,0,30,177,5560,72,0,0,47178,2,0,320,1,1,1,1,46,0,0,2,5718,0,82,160755,6
Magnus,,Haglund,51,2,8,249962,290,30,185,5548,75,0,0,249962,1,0,321,0,2,0,1,46,0,0,1,5718,0,85,159451,1
Bruno,,Berner,51,20,0,256687,114,1521,185,5557,75,0,0,256687,3,0,322,0,3,0,1,47,0,0,3,5534,0,85,160967,6
René,,Weiler,51,3,6,250367,179,42,180,5507,75,0,0,250367,2,0,324,1,6,0,1,47,0,0,2,5718,0,82,160967,3
Okan,,Buruk,51,0,4,250192,122,2517,170,5530,75,0,0,250192,3,0,325,0,9,0,1,48,0,0,3,5500,0,88,160593,0
Ismail,,Kartal,51,8,0,249609,72,2,176,5550,75,0,0,249609,6,0,326,1,3,0,1,48,0,0,6,5554,0,82,160967,0
Rıza,,Çalımbay,51,9,0,250390,297,525,172,5558,75,0,0,250390,1,0,327,1,9,0,1,48,0,0,1,5506,0,88,161099,0
Roberto,,D'Aversa,51,23,28,164378,77,2519,184,5509,75,0,0,164378,2,0,347,0,3,0,1,27,0,0,2,5501,0,82,160963,23
,,,0,0,0,63001,16,1,180,5500,75,0,0,26537,2,0,357,0,1,1,0,14,0,0,2,5500,0,86,158960,0
,,,51,24,0,250542,150,4019,170,5549,75,0,0,26539,2,0,361,6,1,1,0,42,0,0,2,5582,0,89,160495,8
,,,51,24,4,272892,167,1533,188,5509,75,0,0,26537,2,0,378,1,1,0,0,18,0,0,2,5551,0,84,160788,24
,,,1,7,0,260609,148,2027,190,5511,75,0,0,26539,1,0,379,6,1,0,0,7,0,0,1,5506,0,85,160706,7
,,,2,4,6,250293,284,27,180,5511,75,0,0,26539,1,0,381,0,1,0,0,14,0,0,1,5717,0,82,160567,1
,,,0,0,0,63033,16,1,180,5500,75,0,0,26537,2,0,383,0,1,1,0,14,0,0,2,5500,0,86,158960,0
Răzvan,,Lucescu,51,23,6,250354,141,25,179,5529,75,0,0,250354,4,0,393,0,6,1,1,39,0,0,4,5718,0,82,160237,0
Erling,,Moe,51,9,6,249331,234,2000,180,5511,75,0,0,249331,2,0,417,6,1,0,1,36,0,0,2,5506,0,82,159443,0
Gaute Ugelstad,,Helstrup,51,24,45,261271,43,3500,175,5511,75,0,0,261271,2,0,418,0,1,0,1,36,0,0,2,5728,0,82,159830,8
Jan,,Urban,51,9,0,249636,75,11,179,5513,75,0,0,249636,2,0,420,1,1,0,1,37,0,0,2,5523,0,83,160862,0
Liam,,Buckley,51,5,0,249915,8,3500,173,5511,75,0,0,249915,2,0,422,0,1,0,1,25,0,0,2,5510,0,89,160908,1
Jon,,Daly,2,3,6,2392,75,14,191,5510,83,0,0,2392,2,0,423,2,1,0,1,25,0,0,2,5510,0,86,160927,6
Henning,,Berg,51,8,6,47,0,1550,180,5511,76,0,0,47,2,0,433,0,1,0,1,36,0,0,2,5510,0,82,160968,8
Abdullah,,Avcı,51,23,6,248886,290,3518,178,5509,75,0,0,248886,3,0,436,1,3,1,1,48,0,0,3,5507,0,82,161070,0
Ruaidhrí,,Higgins,2,23,4,262052,160,34,178,5510,75,0,0,262052,2,0,445,0,1,0,1,35,0,0,2,5510,0,82,160168,23
Ernesto,Ernesto Valverde,Valverde Tejedor,51,23,0,249332,230,2000,169,5529,75,0,0,249332,4,0,448,1,9,0,0,45,0,0,4,5713,0,87,160601,23
Manuel,,Pellegrini,51,9,6,168384,229,1501,184,5580,80,0,0,168384,4,0,449,0,2,0,1,55,0,0,4,5534,0,82,159903,9
Rafael,Rafa Benítez,Benítez Maudes,51,23,12,233859,290,42,175,5535,75,1,0,233859,3,0,450,0,5,0,0,45,0,0,3,5713,0,83,160959,23
Luis Miguel,Ramis,Ramis Monfort,51,3,6,249953,632,2507,190,5555,75,0,0,249953,2,0,452,2,3,0,1,45,0,0,2,5718,0,84,161095,5
Javier,,Aguirre,51,8,0,192945,175,46,173,5511,75,0,0,192945,2,0,453,0,3,1,0,83,0,0,4,5505,0,88,160503,9
José Alberto,José Alberto,López Menéndez,51,9,4,249745,0,1521,175,5558,75,0,0,249745,3,0,456,2,3,0,1,45,0,0,3,5524,0,83,160767,23
Imanol,Imanol Alguacil,Alguacil,51,9,0,249601,138,25,187,5509,75,1,0,249601,4,0,457,2,7,0,0,45,0,0,4,5534,0,84,159320,23
Miguel Ángel,Ramírez,Ramírez Medina,2,0,6,254086,0,4020,175,5511,75,0,0,254086,2,0,459,2,5,0,1,45,0,0,2,5707,0,82,160802,0
Rubén,Rubén Baraja,Baraja Vegas,51,3,4,141317,648,2506,180,5547,75,0,0,141317,4,0,461,0,3,0,1,45,0,0,4,5524,0,82,160830,23
Paulo,,Pezzolano,2,9,4,253719,186,525,185,5505,75,0,0,253719,2,0,462,0,2,1,1,60,0,0,2,5568,0,85,160879,23
Luis,Luis García,García Plaza,51,0,6,249939,636,22,180,5557,75,0,0,249939,2,0,463,0,3,1,1,45,0,0,2,5567,0,81,160566,0
Joseba,Etxeberria,Etxeberria Lizardi,2,3,0,8340,655,41,178,5557,74,0,0,8340,3,0,467,2,3,1,1,45,0,0,3,5522,0,81,160950,3
Sebastián,,Beccacece,2,4,45,250470,12,1534,182,5520,75,0,0,250470,3,0,468,0,9,1,1,52,0,0,3,5566,0,81,160865,5
Francesc Xavier,García Pimienta,García Pimienta,2,23,8,249393,160,4005,170,5557,75,0,0,249393,4,0,472,0,3,0,1,45,0,0,4,5526,0,88,160444,23
Jagoba,Jagoba Arrasate,Arrasate Elustondo,51,19,45,172720,150,3513,169,5552,72,0,0,172720,2,0,479,0,4,0,0,45,0,0,2,5566,0,88,159141,6
Francisco,Francisco,Rodríguez Vílchez,2,0,0,249408,160,2504,174,5509,75,0,0,249408,4,0,480,0,3,0,1,45,0,0,4,5710,0,88,160964,0
Diego,,Alonso,2,3,6,49368,57,1518,188,5501,73,0,0,49368,4,0,481,0,3,1,1,60,0,0,4,5534,0,85,161068,3
Marcelino,Marcelino,García Toral,51,3,6,241611,78,1526,170,5514,73,1,0,241611,2,0,483,0,4,1,0,45,0,0,2,5523,0,87,161103,3
,,,2,3,4,102133,189,2,178,5520,72,0,0,26540,2,3,485,0,1,0,0,21,0,0,2,5569,0,82,160602,9
,,,51,6,0,250627,167,2007,178,5527,75,0,0,26539,3,0,487,6,1,1,0,21,0,0,3,5566,0,83,161116,1
José Albano,José Mota,Ferreira da Mota,51,0,15,249744,0,3510,175,5510,75,0,0,249744,5,0,489,0,9,1,1,38,0,0,5,5713,0,82,160822,9
,,,51,23,0,250028,114,1520,170,5511,75,0,0,26540,2,3,492,0,1,1,0,21,0,0,2,5506,0,89,160367,6
Markus,,Anfang,51,15,6,42601,65,59,171,5511,69,0,0,42601,3,0,503,0,1,1,1,21,0,0,3,5566,0,88,160581,1
Pavel,,Dotchev,51,24,3,250269,167,2516,176,5527,75,0,0,250269,1,0,506,1,4,0,1,9,0,0,1,5504,0,83,160511,8
,,,0,0,0,63011,16,1,180,5500,75,0,0,26537,2,0,517,0,1,1,0,14,0,0,2,5500,0,86,158960,0
João Miguel,Moreno,da Cunha Teixeira,2,23,4,262201,129,1505,188,5505,75,0,0,262201,6,0,518,6,3,1,1,38,0,0,6,5569,0,85,160613,23
Rüdiger,,Ziehl,51,8,0,262855,289,1550,184,5527,75,0,0,262855,3,0,523,2,6,0,1,21,0,0,3,5708,0,82,160237,2
Christoph,,Dabrowski,2,23,6,12070,17,2017,195,5510,82,0,0,12070,3,0,526,0,6,0,1,21,0,0,3,5566,0,85,160602,22
Sascha,,Hildmann,2,20,4,250463,115,58,184,5511,75,0,0,250463,2,0,531,0,3,0,1,21,0,0,2,5567,0,82,159685,20
Joe,,Enochs,51,9,4,105015,290,1506,183,5556,75,0,0,105015,3,0,543,2,10,0,1,95,0,0,3,5566,0,82,160915,9
,,,2,3,6,276844,77,46,178,5511,75,0,0,26541,2,3,561,1,6,0,0,14,0,0,2,5510,0,83,160984,0
John,,Russell,2,0,4,269585,77,17,173,5510,75,0,0,269585,1,0,563,1,9,0,1,25,0,0,1,5510,0,87,160573,19
,,,0,0,0,63013,16,1,180,5500,75,0,0,26537,2,0,567,0,1,1,0,14,0,0,2,5500,0,86,158960,0
Roberto,,Breda,2,5,6,159267,92,3516,175,5527,73,0,0,159267,1,0,570,0,1,0,1,27,0,0,1,5520,0,82,161095,5
,,,2,3,0,264727,186,1502,178,5511,75,0,0,26540,3,3,576,1,1,0,0,21,0,0,3,5566,0,82,160332,0
,,,51,8,0,249571,13,2014,182,5527,75,0,0,26542,3,0,580,0,3,1,0,21,0,0,3,5728,0,82,159261,6
,,,0,0,0,63015,16,1,180,5500,75,0,0,26537,2,0,598,0,1,1,0,14,0,0,2,5500,0,86,158960,0
Jorge Fernando,Jorge Jesus,Pinheiro de Jesus,51,24,0,249725,9,36,175,5511,75,0,0,249725,2,0,605,6,3,1,1,38,0,0,2,5508,0,82,160572,8
Marcelo,,Gallardo,2,0,0,249983,176,3,170,5558,75,0,0,249983,4,0,607,1,9,0,1,52,0,0,4,5580,0,88,161107,0
,,,2,0,0,250201,0,2020,182,5509,75,0,0,26538,1,0,614,0,2,1,0,18,0,0,1,5523,0,82,157808,0
David,,Martindale,2,5,6,259759,0,4019,177,5509,75,0,0,259759,1,0,621,2,2,1,1,42,0,0,1,5508,0,82,160045,1
Derek,,Adams,51,6,0,4104,655,57,178,5509,69,0,0,4104,1,0,631,0,3,1,1,42,0,0,1,5566,0,82,161109,6
,,,2,6,6,138629,26,1526,182,5509,76,0,0,26538,2,0,634,0,2,1,0,34,0,0,2,5522,0,82,160967,3
,,,2,0,0,279535,221,3500,189,5511,75,0,0,26539,2,0,645,0,1,0,0,34,0,0,2,5722,0,85,161124,19
Felice,,Mazzu,51,9,6,249366,118,44,183,5511,75,0,0,249366,2,0,670,0,6,1,1,7,0,0,2,5725,0,82,160602,0
Wouter,,Vrancken,51,2,0,251205,37,3512,185,5530,75,0,0,251205,1,0,673,0,1,1,1,7,0,0,1,5552,0,85,160602,7
Hein,,Vanhaezebrouck,51,2,4,249547,118,27,189,5511,75,0,0,249547,2,0,674,6,1,1,1,7,0,0,2,5566,0,86,160028,9
Thorsten,,Fink,51,24,28,720,638,3516,181,5509,79,0,0,720,1,0,680,0,1,0,1,21,0,0,1,5533,0,82,160967,24
Bart,,Goor,2,23,14,279607,0,2019,183,5511,75,0,0,279607,2,0,681,2,3,0,1,7,0,0,2,5729,0,82,161120,0
,,,2,0,28,261363,691,528,185,5527,75,0,0,26545,9,2,687,1,9,0,0,18,0,0,9,5510,0,85,160122,0
,,,0,0,0,63022,16,1,180,5500,75,0,0,26537,2,0,688,0,1,1,0,14,0,0,2,5500,0,86,158960,0
,,,0,0,0,63023,16,1,180,5500,75,0,0,26537,2,0,689,0,1,1,0,14,0,0,2,5500,0,86,158960,0
,,,51,0,4,278211,0,4525,183,5511,75,0,0,26545,7,2,691,0,9,0,0,95,0,0,7,5520,0,83,161040,0
,,,51,9,0,249420,24,2017,175,5527,75,0,0,26539,3,0,693,0,1,0,0,95,0,0,3,5520,0,82,160913,0
,,,51,0,8,253731,206,1031,185,5558,75,0,0,26545,8,2,694,1,9,0,0,95,0,0,8,5510,0,85,159561,0
,,,2,6,16,267454,190,1528,175,5521,75,0,0,26541,3,3,695,0,6,0,0,45,0,0,3,5521,0,82,160391,3
,,,51,8,0,250306,656,1520,185,5531,75,0,0,26539,2,0,696,0,1,1,0,95,0,0,2,5502,0,85,155986,9
,,,2,6,6,17744,176,2014,180,5530,78,0,0,26541,2,3,697,0,6,0,0,95,0,0,2,5505,0,82,160060,6
,,,2,3,4,16169,89,3512,174,5514,66,0,0,26543,2,0,698,0,7,1,0,95,0,0,2,5534,0,88,155673,6
Jimmy,,Thelin,2,6,8,249671,155,16,180,5557,75,0,0,249671,1,0,700,0,1,0,1,46,0,0,1,5718,0,82,158960,3
Glen,,Riddersholm,51,1,0,249490,92,42,190,5557,75,0,0,249490,1,0,702,0,10,1,1,13,0,0,1,5718,0,85,160640,1
Ábel,,Lőrincz,0,3,28,279002,176,1539,184,5559,75,0,0,279002,2,0,708,0,1,0,1,23,0,0,2,5707,0,82,161089,3
Kim,,Bergstrand,51,6,6,249857,114,4006,180,5511,75,0,0,249857,2,0,710,0,2,0,1,46,0,0,2,5506,0,82,159325,0
Per-Mathias,,Høgmo,51,24,6,250286,26,2016,179,5511,75,0,0,250286,2,0,711,6,1,0,1,36,0,0,2,5718,0,83,161127,0
Sérgio A.,Sérgio Vieira,de Oliveira Vieira,2,0,6,250490,161,3,180,5509,75,0,0,250490,3,0,718,0,3,0,1,38,0,0,3,5523,0,81,160602,0
Nuri,,Şahin,2,0,4,265497,166,1503,180,5511,75,0,0,170797,4,4,741,0,3,1,0,48,0,0,4,5510,0,82,160333,0
Luís Carlos,Luís Freire,Batalha Freire,1,0,8,255598,105,55,176,5558,75,0,0,255598,1,0,744,1,9,0,1,38,0,0,1,5523,0,82,160235,0
Hakan,,Yakın,2,9,4,278881,74,4019,180,5511,75,0,0,278881,4,0,746,0,9,0,1,47,0,0,4,5522,0,82,161074,9
Markus,,Gisdol,51,1,0,250027,57,3509,184,5511,75,0,0,250027,1,0,748,2,2,0,1,21,0,0,1,5504,0,82,161068,4
Markus,,Mader,51,8,6,269441,632,58,180,5527,75,0,0,269441,3,0,781,1,3,0,1,4,0,0,3,5566,0,82,160237,6
Jacob,,Neestrup,0,2,4,256779,150,21,184,5558,75,0,0,256779,2,0,819,0,1,0,1,13,0,0,2,5523,0,81,160683,2
Ivan,,Prelec,2,6,4,268123,92,4002,178,5511,75,0,0,268123,2,0,822,0,3,0,1,10,0,0,2,5506,0,82,160494,6
Damien,,Duff,2,5,4,265419,642,2016,177,5555,75,0,0,265419,2,0,834,6,3,0,1,25,0,0,2,5510,0,81,160362,18
Stephen,,O'Donnell,51,18,4,253115,26,33,177,5511,75,0,0,253115,2,0,837,1,8,1,1,25,0,0,2,5510,0,82,160400,27
John,,van den Brom,51,8,0,249703,114,1523,191,5557,75,0,0,249703,2,0,873,6,2,1,1,34,0,0,2,5508,0,86,160602,8
Jan,,Woś,51,23,45,279055,227,57,180,5527,75,0,0,279055,2,0,874,1,4,0,1,37,0,0,2,5569,0,83,161095,24
Bo,,Henriksen,51,1,4,140433,84,1553,178,5511,75,0,0,140433,1,0,894,2,1,1,1,13,0,0,1,5534,0,82,160703,9
Fabio,,Celestini,51,9,0,117321,665,3512,183,5511,83,0,0,117321,4,0,896,0,3,0,1,47,0,0,4,5565,0,82,160745,23
Mario,,Frick,51,9,4,258145,46,3,182,5557,75,0,0,258145,2,0,897,0,9,0,1,29,0,0,2,5503,0,82,160410,9
Peter,,Zeidler,51,0,0,250308,0,2501,184,5527,75,0,0,250308,2,0,898,1,1,1,1,21,0,0,2,5715,0,82,159141,8
Raphael,,Wicky,51,6,6,6789,640,525,182,5525,75,0,0,6789,2,0,900,0,1,0,1,47,0,0,2,5567,0,82,160602,23
Bob,,Bradley,51,0,0,192944,0,20,177,5527,75,0,0,192944,1,0,917,2,1,1,1,95,0,0,1,5707,0,81,160383,1
Kjetil,,Knutsen,2,9,6,249860,155,4014,182,5511,75,0,0,249860,3,0,918,0,3,0,1,36,0,0,3,5506,0,82,158960,6
Eirik,,Horneland,2,0,4,249307,101,33,180,5511,75,0,0,249307,2,0,919,1,1,0,1,36,0,0,2,5520,0,82,160277,3
Geir,,Bakke,51,9,6,249457,26,52,170,5511,75,0,0,249457,1,0,920,6,2,0,1,36,0,0,1,5710,0,89,159690,1
Jørgen,,Isnes,51,24,4,272752,633,1517,188,5511,75,0,0,272752,2,0,922,2,1,1,1,36,0,0,2,5520,0,85,160786,9
Min Sung,Lee Min Sung,Lee,2,0,0,260120,209,541,182,5586,75,0,0,260120,4,0,980,0,3,1,1,167,0,0,4,5713,0,82,160033,0
Jin Kyu,Kim Jin Kyu,Kim,2,0,0,278243,176,500,184,5707,75,0,0,278243,4,0,982,0,3,1,1,167,0,0,4,5520,0,83,161019,0
Ki Hun,Yeom Ki Hun,Yeom,2,0,0,278245,522,559,182,5726,75,0,0,176348,4,3,983,0,9,0,0,167,0,0,5,5569,0,82,161054,0
Rubén Darío,,Insúa,51,6,4,269154,32,7,180,5529,75,0,0,269154,4,0,1013,0,3,0,1,52,0,0,4,5566,0,82,160559,9
,,,0,0,0,63035,16,1,180,5500,75,0,0,26537,2,0,1035,0,1,1,0,14,0,0,2,5500,0,86,158960,0
,,,0,0,0,63036,16,1,180,5500,75,0,0,26537,2,0,1039,0,1,1,0,14,0,0,2,5500,0,86,158960,0
,,,0,0,0,63037,16,1,180,5500,75,0,0,26537,2,0,1041,0,1,1,0,14,0,0,2,5500,0,86,158960,0
,,,0,0,0,63012,16,1,180,5500,75,0,0,26537,2,0,1043,0,1,1,0,14,0,0,2,5500,0,86,158960,0
,,,0,0,0,63014,16,1,180,5500,75,0,0,26537,2,0,1048,0,1,1,0,14,0,0,2,5500,0,86,158960,0
,,,0,0,0,63034,16,1,180,5500,75,0,0,26537,2,0,1053,0,1,1,0,14,0,0,2,5500,0,86,158960,0
Gareth,,Southgate,51,3,8,42,655,1530,183,5544,75,0,0,42,2,3,1318,0,5,0,0,14,0,0,2,5507,0,81,157367,0
,,,2,3,45,249271,161,608,177,5529,75,0,0,26543,3,0,1325,2,7,0,0,21,0,0,3,5523,0,81,160398,0
Zlatko,,Dalić,51,3,6,250720,69,4013,179,5541,75,0,0,250720,4,0,1328,1,3,0,1,10,0,0,4,5517,0,82,158874,3
Jaroslav,,Šilhavý,51,9,20,249646,292,1520,180,5511,75,0,0,249646,2,0,1330,1,6,0,1,12,0,0,2,5575,0,81,159220,24
Kasper,,Hjulmand,2,1,0,249835,40,2008,184,5557,75,0,0,249835,2,0,1331,0,2,0,1,13,0,0,2,5508,0,82,159903,1
Markku,,Kanerva,2,9,0,250025,93,48,185,5560,75,0,0,250025,2,0,1334,0,8,0,1,17,0,0,2,5501,0,85,158575,1
Didier,,Deschamps,51,9,0,220469,150,3507,169,5555,71,0,0,220469,2,0,1335,0,5,0,1,18,0,0,2,5524,0,88,156957,6
Julian,,Nagelsmann,0,1,45,249812,284,4010,189,5509,75,0,0,249812,2,0,1337,6,1,1,1,21,0,0,2,5522,0,85,161050,1
Åge,,Hareide,51,9,0,248910,93,2008,180,5535,75,0,0,248910,2,0,1341,6,3,0,1,36,0,0,2,5507,0,82,160889,1
,,,51,8,4,249931,0,25,180,5529,75,0,0,26544,4,0,1343,6,9,1,0,27,0,0,4,5574,0,82,161029,9
Ståle,,Solbakken,51,1,45,250516,0,2002,190,5509,75,0,0,250516,2,0,1352,0,2,1,1,36,0,0,2,5718,0,85,160031,1
,,,51,9,45,148408,26,1518,176,5511,69,0,0,26544,2,0,1353,6,9,1,0,37,0,0,2,5507,0,82,161047,24
Roberto,Roberto Martínez,Martínez Montoliú,51,23,0,53951,0,32,175,5535,77,0,0,53951,5,0,1354,0,3,0,0,45,0,0,5,5501,0,82,160794,22
Stephen,,Kenny,51,24,0,250535,291,2512,175,5505,75,0,0,250535,1,0,1355,0,8,0,1,25,0,0,1,5505,0,81,159784,5
Edward,,Iordănescu,2,9,4,249304,65,2,180,5529,75,0,0,249304,2,0,1356,0,8,1,1,39,0,0,2,5508,0,82,160446,9
Steve,,Clarke,51,24,8,250538,26,57,178,5541,75,0,0,250538,2,0,1359,0,5,0,1,42,0,0,2,5518,0,83,159464,8
Luis,Luis de la Fuente,de la Fuente,51,8,8,272689,0,2517,173,5517,75,1,0,272689,3,3,1362,0,3,0,0,45,0,0,3,5517,0,88,160762,8
Jan,,Andersson,51,9,0,249629,114,16,180,5560,75,0,0,249629,2,0,1363,0,1,1,1,46,0,0,2,5524,0,83,158403,1
Sergiy,,Rebrov,51,6,6,250494,179,3510,173,5509,75,0,0,250494,3,0,1366,0,3,0,1,49,0,0,3,5526,0,88,160943,6
Rob,,Page,2,3,4,250393,0,3516,183,5527,75,0,0,250393,2,0,1367,6,3,1,1,50,0,0,2,5510,0,82,159997,6
Lionel,,Scaloni,2,0,6,8842,182,34,182,5510,80,0,0,8842,2,0,1369,0,3,0,1,52,0,0,2,5566,0,82,159173,0
Jaime,,Lozano,51,23,6,140251,451,1501,172,5559,70,0,0,140251,4,0,1386,0,9,0,1,83,0,0,4,5586,0,88,160952,0
,,,2,6,6,18887,0,40,185,5511,77,0,0,26538,1,0,1387,2,2,0,0,95,0,0,1,5566,0,85,159295,6
Henrik,,Jensen,2,2,4,271221,77,47,190,5527,75,0,0,271221,2,0,1439,0,1,0,1,13,0,0,2,5510,0,85,160782,2
Jacob,,Friis,51,9,8,249620,0,3504,182,5511,75,0,0,249620,1,0,1443,1,3,0,1,13,0,0,1,5521,0,82,160454,0
Pål Arne,,Johansen,2,6,4,266711,230,59,179,5511,75,0,0,266711,1,0,1456,0,1,0,1,36,0,0,1,5510,0,82,160444,9
Jostein,,Grindhaug,51,6,0,104481,65,17,174,5511,83,0,0,104481,3,0,1463,0,8,1,1,36,0,0,3,5510,0,88,159348,1
Myung Bo,Hong Myung Bo,Hong,2,0,0,138161,103,538,182,5509,73,0,0,138161,4,0,1473,0,3,1,1,167,0,0,4,5714,0,82,160048,0
Ki Dong,Kim Ki Dong,Kim,2,0,0,249856,522,560,171,5520,75,0,0,249856,4,0,1474,1,9,1,1,167,0,0,4,5567,0,88,159559,0
Dan,,Petrescu,51,9,0,249178,114,2506,177,5722,75,0,0,249178,2,0,1477,6,3,0,1,39,0,0,2,5522,0,83,160950,0
Hak Bum,Kim Hak Bum,Kim,51,0,0,249519,26,501,174,5530,75,0,0,249519,4,0,1478,0,9,0,1,167,0,0,4,5525,0,88,161124,21
,,,51,8,0,267812,150,52,170,5509,75,0,0,26537,1,0,1480,0,1,0,0,14,0,0,1,5718,0,88,160474,6
Thomas,,Thomasberg,51,6,6,41039,155,2008,180,5511,75,0,0,41039,1,0,1516,0,6,1,1,13,0,0,1,5506,0,82,159141,6
,,,2,21,6,248947,0,4011,181,5510,75,0,0,26538,4,0,1530,1,2,0,0,18,0,0,4,5510,0,82,160851,9
Kevin,,Doherty,51,23,6,265779,189,2014,193,5527,75,0,0,265779,2,0,1572,1,6,0,1,25,0,0,2,5510,0,85,160391,6
Marco,,Schällibaum,51,8,6,275802,642,3518,181,5527,75,0,0,275802,3,0,1704,0,3,0,1,47,0,0,3,5510,0,83,160602,8
Patrick,,Rahmen,51,5,6,261702,114,4006,183,5509,75,0,0,261702,2,0,1713,0,4,0,1,47,0,0,2,5520,0,83,160967,23
,,,2,0,4,251153,141,1512,177,5521,75,0,0,26541,3,3,1738,1,6,0,0,44,0,0,3,5569,0,81,160591,0
Paolo,,Bianco,2,3,6,275873,0,2006,184,5532,75,0,0,275873,4,0,1744,2,3,0,1,27,0,0,4,5522,0,82,160950,3
Francesc,Cesc Fàbregas,Fàbregas i Soler,2,3,50,279104,676,1519,179,5558,75,1,0,162895,4,1,1745,0,3,0,0,45,0,0,3,5510,0,8,161102,3
Aurelio,,Andreazzoli,51,8,6,249035,297,2506,180,5511,75,0,0,249035,3,0,1746,0,6,0,1,27,0,0,3,5552,0,82,161047,8
Miron,,Muslic,2,0,18,260437,172,4002,184,5557,75,0,0,260437,4,0,1750,1,3,1,1,4,0,0,4,5718,0,82,160682,23
Christian,,Johnsen,2,19,6,275850,154,4022,185,5511,75,0,0,275850,3,0,1755,0,3,0,1,36,0,0,3,5520,0,85,160949,5
Jakob,,Michelsen,51,8,0,249625,92,3503,174,5535,75,0,0,249625,2,0,1756,0,10,0,1,13,0,0,2,5718,0,88,160429,8
Hans Erik,,Ødegaard,51,2,45,260345,92,69,180,5511,75,0,0,260345,1,0,1757,0,10,0,1,36,0,0,1,5506,0,82,160056,6
Rasmus,,Bertelsen,1,5,6,250346,290,37,176,5511,75,0,0,250346,1,0,1786,2,1,0,1,13,0,0,1,5521,0,83,160867,27
Peter,,Pacult,51,8,0,262605,150,1548,182,5527,75,0,0,262605,3,0,1787,0,3,1,1,4,0,0,3,5566,0,82,160059,0
Johannes Hoff,,Thorup,0,2,0,273049,160,4020,180,5557,75,0,0,273049,2,0,1788,0,2,0,1,13,0,0,2,5718,0,82,160792,1
,,,2,3,6,273650,137,33,186,5511,75,0,0,26541,2,3,1790,0,6,0,0,14,0,0,2,5510,0,85,160805,0
,,,51,8,4,240199,230,3,183,5511,78,0,0,26543,4,0,1792,1,7,1,0,95,0,0,4,5510,0,82,160791,23
,,,2,6,4,274506,655,58,175,5511,75,0,0,26543,3,0,1793,1,7,0,0,45,0,0,3,5722,0,82,160980,0
Chris,,Wilder,51,24,6,249119,122,57,180,5530,75,0,0,249119,1,0,1794,6,3,1,1,14,0,0,1,5526,0,82,161124,8
,,,51,3,4,45367,689,3002,191,5558,83,0,0,26547,6,0,1795,1,3,1,0,18,0,0,6,5718,0,85,160915,6
Vincent,,Kompany,2,0,13,251204,0,1007,190,5511,75,1,0,139720,6,0,1796,1,9,0,0,7,0,1,6,5520,0,5,160585,0
,,,51,6,6,257843,114,3,175,5511,75,0,0,26541,2,3,1797,6,6,0,0,14,0,0,2,5553,0,81,161130,19
,,,2,5,6,278890,231,30,194,5511,75,0,0,26541,2,3,1798,0,6,0,0,14,0,0,2,5510,0,85,161075,20
Roy,,Hodgson,51,24,0,220467,219,2515,180,5538,75,1,0,220467,2,4,1799,2,1,0,0,14,0,0,3,5512,0,82,158831,8
,,,51,9,0,53796,150,3510,173,5511,65,0,0,26539,2,0,1800,0,1,0,0,14,0,0,2,5520,0,88,158659,1
,,,51,24,6,150729,65,3513,177,5557,72,0,0,26537,2,0,1801,1,1,1,0,14,0,0,2,5520,0,82,160396,23
,,,2,0,45,279004,185,11,180,5511,75,0,0,26541,1,3,1802,0,6,0,0,14,0,0,1,5521,0,82,161090,0
,,,2,3,4,275200,77,29,180,5511,75,0,0,26541,2,3,1803,0,6,0,0,14,0,0,2,5510,0,82,160894,20
,,,51,8,4,101999,289,2016,178,5529,76,0,0,26541,2,3,1804,1,6,0,0,42,0,0,2,5504,0,82,161095,24
,,,2,3,0,116339,114,2019,183,5511,75,0,0,26543,2,0,1805,0,7,0,0,18,0,0,2,5521,0,82,160418,0
,,,0,0,0,63002,16,1,180,5500,75,0,0,26537,2,0,1806,0,1,1,0,14,0,0,2,5500,0,86,158960,0
,,,0,19,6,278857,666,10,184,5511,75,0,0,26543,2,0,1807,0,7,0,0,21,0,0,2,5510,0,82,161071,5
Roberto,,De Zerbi,51,0,14,157767,63,2017,175,5707,66,0,0,157767,4,0,1808,1,3,1,1,27,0,0,4,5707,0,81,160681,9
,,,2,0,6,275884,114,3512,177,5511,75,0,0,26543,2,0,1809,1,7,0,0,45,0,0,2,5510,0,81,160950,21
,,,51,9,0,250198,632,1521,183,5511,75,0,0,26543,2,0,1814,1,7,0,0,18,0,0,2,5510,0,82,159506,0
,,,51,9,0,250244,150,2516,173,5511,75,0,0,26537,1,0,1815,6,1,0,0,18,0,0,1,5567,0,88,158838,0
,,,2,0,1,8753,1,1024,177,5557,71,0,0,26545,9,2,1816,0,9,0,0,136,0,0,9,5565,0,82,160967,0
,,,0,0,0,63005,16,1,180,5500,75,0,0,26537,2,0,1819,0,1,1,0,14,0,0,2,5500,0,86,158960,0
,,,2,0,9,276563,117,2015,188,5520,75,0,0,26543,2,0,1824,2,7,0,0,21,0,0,2,5566,0,84,160967,0
Boris,,Schommers,2,19,4,249059,293,3516,180,5551,75,0,0,249059,3,0,1825,0,1,1,1,21,0,0,3,5569,0,82,161067,23
Bastian,,Reinhardt,51,5,0,279611,636,2504,194,5551,75,0,0,279611,2,0,1829,2,3,0,1,21,0,0,2,5728,0,85,161131,2
,,,51,23,4,9797,632,2512,181,5529,76,0,0,26540,2,3,1831,0,1,1,0,10,0,0,2,5505,0,82,160893,8
,,,0,23,12,256011,181,1526,183,5509,75,0,0,26541,2,3,1832,0,6,0,0,21,0,0,2,5522,0,82,159879,23
Andrea,,Pirlo,2,6,8,257947,32,3,177,5558,75,1,0,7763,2,3,1837,0,3,0,0,27,0,1,3,5510,0,82,160963,3
Claudio,,Ranieri,51,24,0,273045,290,539,182,5529,75,1,0,232301,3,0,1842,1,9,0,0,27,0,0,3,5524,0,85,160785,9
Eugenio,,Corini,2,3,0,5244,0,2507,173,5510,67,0,0,5244,2,0,1843,6,1,0,1,27,0,0,2,5566,0,88,160639,3
,,,51,3,4,278855,181,1515,192,5527,75,0,0,26540,2,3,1846,0,1,0,0,27,0,0,2,5712,0,85,161070,6
Fabrizio,,Castori,51,9,0,249361,92,1510,165,5511,75,0,0,249361,1,0,1847,1,9,1,1,27,0,0,1,5526,0,89,161102,9
Pasquale,,Marino,51,6,0,250246,290,1556,178,5521,75,0,0,250246,2,0,1848,0,8,1,1,27,0,0,2,5523,0,82,161067,6
Javier,Javier Calleja,Calleja Revilla,51,0,6,45490,655,1519,171,5513,76,1,0,45490,4,3,1853,0,4,0,0,45,0,0,4,5534,0,88,160709,9
Rubén,Rubén Albés,Albés Yáñez,2,3,8,256925,174,4005,188,5509,75,0,0,256925,3,0,1854,0,3,1,1,45,0,0,3,5522,0,84,160598,3
José,José Bordalás,Bordalás Jiménez,2,22,28,249735,635,34,180,5500,75,0,0,249735,2,0,1860,1,9,0,1,45,0,0,2,5508,0,82,160904,0
Gaizka,Gaizka Garitano,Garitano Aguirre,51,9,6,113348,150,1501,184,5511,76,0,0,113348,2,0,1861,1,9,0,1,45,0,0,2,5552,0,82,161066,22
Ludovic,,Magnin,2,15,4,45517,92,1517,185,5555,80,0,0,45517,2,0,1862,0,1,1,1,47,0,0,2,5522,0,86,160563,15
Kosta,,Runjaić,51,9,0,249867,177,30,177,5511,75,0,0,249867,2,0,1871,6,1,0,1,21,0,0,2,5566,0,83,160602,0
Dejan,,Stanković,2,23,8,271966,26,3516,181,5718,75,0,0,271966,3,0,1874,2,9,1,1,51,0,0,3,5713,0,83,161032,23
Martín,,Demichelis,2,8,4,272362,36,1528,184,5511,75,0,0,134979,2,0,1876,6,9,0,0,52,0,0,3,5525,0,82,160740,8
,,,0,0,0,63009,16,1,180,5500,75,0,0,26537,2,0,1877,0,1,1,0,14,0,0,2,5500,0,86,158960,0
Ivan,,Jovanović,51,24,3,262655,142,4010,180,5557,75,0,0,262655,2,0,1884,0,3,1,1,51,0,0,2,5713,0,82,160237,24
Marco,,Rossi,51,9,3,249995,0,33,185,5540,75,0,0,249995,2,0,1886,6,3,0,1,27,0,0,2,5517,0,85,159129,9
Álvaro Adriano,Álvaro Pacheco,Teixeira Pacheco,51,24,14,262409,310,1502,180,5511,75,0,0,262409,4,0,1887,0,6,1,1,38,0,0,4,5566,0,82,160955,24
Vítor Fernando,Vítor Campelos,Carvalho Campelos,2,9,50,250664,293,4018,180,5551,75,0,0,250664,4,0,1888,2,6,0,1,38,0,0,4,5715,0,83,160097,22
Artur Jorge,Artur Jorge,Araújo Amorim,2,23,8,257182,28,59,184,5521,75,0,0,257182,5,0,1896,0,9,0,1,38,0,0,5,5566,0,82,160602,23
Armando,Petit,Gonçalves Teixeira,2,3,0,4083,290,39,176,5538,68,0,0,4083,2,0,1898,0,3,1,1,38,0,0,2,5501,0,82,160389,3
Tiago Manuel,Tiago Aguiar,Valtelhas de Aguiar,2,6,45,277338,117,21,180,5521,75,0,0,277338,3,0,1900,2,1,0,1,38,0,0,3,5729,0,81,160967,21
,,,51,24,0,250428,150,3500,182,5555,75,0,0,26539,3,0,1903,6,1,0,0,34,0,0,3,5500,0,83,161034,5
,,,51,23,6,249554,242,2516,181,5535,75,0,0,26545,7,2,1905,0,9,0,0,34,0,0,7,5526,0,82,160967,0
,,,51,9,8,259935,25,2516,180,5555,75,0,0,26544,5,0,1906,0,9,0,0,34,0,0,5,5707,0,82,160029,22
,,,51,3,4,254511,0,3500,180,5509,75,0,0,26544,1,0,1908,2,9,0,0,34,0,0,1,5718,0,82,160967,9
,,,51,8,0,249305,655,2014,176,5511,75,0,0,26537,4,0,1909,0,1,0,0,34,0,0,4,5533,0,82,161109,22
,,,2,8,0,263729,221,1512,186,5551,75,0,0,26543,2,0,1910,0,7,0,0,34,0,0,2,5566,0,84,159843,0
,,,2,24,6,262475,230,2508,187,5528,75,0,0,26541,1,3,1913,0,6,0,0,34,0,0,1,5504,0,84,160602,9
,,,51,9,6,249706,0,2006,175,5509,75,0,0,26538,1,0,1914,0,2,0,0,34,0,0,1,5578,0,82,160967,1
,,,2,6,6,266271,43,2517,171,5529,75,0,0,26544,2,0,1917,0,9,0,0,42,0,0,2,5718,0,87,160813,3
,,,2,4,6,264197,114,2016,182,5511,75,0,0,26541,1,3,1919,0,6,0,0,14,0,0,1,5726,0,81,160855,6
Rob,,Edwards,2,6,4,102001,283,2010,185,5509,74,0,0,102001,2,0,1923,2,2,0,1,50,0,0,2,5566,0,84,160741,5
Thomas,,Frank,51,20,0,250581,9,57,182,5511,75,0,0,250581,2,0,1925,1,5,0,1,13,0,0,2,5520,0,81,159248,3
,,,2,9,6,256437,114,2501,175,5511,75,0,0,26539,3,0,1926,0,1,1,0,14,0,0,3,5510,0,82,160928,1
,,,2,8,6,275168,655,41,188,5511,75,0,0,26539,2,0,1928,0,1,0,0,14,0,0,2,5566,0,85,160892,9
,,,2,9,0,265778,65,42,183,5509,75,0,0,26543,2,0,1929,6,7,0,0,14,0,0,2,5510,0,82,160396,0
,,,51,19,4,261049,140,1553,173,5511,75,0,0,26540,1,3,1930,0,1,0,0,195,0,0,1,5725,0,88,160096,6
,,,51,6,6,19103,161,2009,185,5722,76,0,0,26541,3,3,1931,0,6,0,0,14,0,0,3,5722,0,85,160361,6
,,,2,3,0,276649,167,4000,191,5718,75,0,0,26540,1,3,1932,0,1,0,0,42,0,0,1,5717,0,85,160972,3
,,,2,3,6,271964,633,5,176,5510,75,0,0,26543,2,0,1933,0,7,1,0,14,0,0,2,5566,0,81,160838,6
,,,51,23,45,10884,297,3512,178,5510,85,0,0,26539,1,0,1934,2,1,0,0,50,0,0,1,5713,0,82,160913,2
,,,2,23,12,272654,26,525,178,5510,75,0,0,26538,2,0,1935,2,2,0,0,14,0,0,2,5510,0,82,161081,9
,,,2,6,4,53746,166,17,178,5543,76,0,0,26541,2,3,1936,0,6,1,0,14,0,0,2,5504,0,82,161057,12
,,,51,0,4,249959,0,22,178,5532,75,0,0,26538,2,0,1937,0,2,1,0,14,0,0,2,5718,0,82,160585,0
,,,51,8,0,19321,221,1556,178,5511,66,0,0,26540,1,3,1938,0,1,1,0,42,0,0,1,5707,0,83,160789,9
,,,2,0,28,53016,0,1004,188,5511,96,0,0,26545,9,2,1939,0,9,0,0,82,0,0,9,5566,0,86,161049,23
,,,51,3,6,151182,75,57,175,5511,75,0,0,26539,3,0,1940,0,1,1,0,14,0,0,3,5510,0,82,160000,3
Andoni,Iraola,Iraola Sagarna,2,0,6,251637,160,3,182,5520,75,0,0,251637,2,4,1943,1,3,0,0,45,0,0,2,5718,0,82,161028,0
,,,2,9,6,51403,636,2020,180,5511,78,0,0,26540,2,3,1944,0,1,0,0,14,0,0,2,5504,0,82,161125,0
,,,51,6,0,250311,150,3516,183,5558,75,0,0,26539,2,0,1947,0,1,1,0,14,0,0,2,5713,0,82,160237,0
,,,51,3,45,249239,200,47,180,5507,75,0,0,26541,2,3,1951,0,6,0,0,14,0,0,2,5523,0,81,161105,3
,,,2,0,4,270334,239,1031,178,5529,75,0,0,26545,6,2,1952,0,9,0,0,14,0,0,6,5523,0,81,160727,0
,,,51,6,0,119834,284,2016,175,5557,72,0,0,26539,2,0,1958,0,1,1,0,14,0,0,2,5713,0,83,160488,6
,,,0,0,0,63004,16,1,180,5500,75,0,0,26537,2,0,1960,0,1,1,0,14,0,0,2,5500,0,86,158960,0
,,,51,0,8,249337,186,1535,184,5509,75,0,0,26543,3,0,1961,2,7,1,0,48,0,0,3,5510,0,82,160939,23
,,,2,6,6,188200,129,2008,180,5511,70,0,0,26543,2,0,1962,0,7,0,0,14,0,0,2,5718,0,82,161120,3
Sergio,Sergio González,González Soriano,51,23,4,135804,230,2500,182,5557,77,1,0,135804,2,0,1968,0,3,0,0,45,0,0,4,5522,0,3,160431,23
,,,2,9,0,149092,243,19,197,5560,77,0,0,26537,2,0,1971,0,1,0,0,34,0,0,2,5507,0,85,159718,0
Per,,Frandsen,51,2,0,277617,138,2006,184,5511,75,0,0,277617,4,0,2002,0,9,0,1,13,0,0,4,5724,0,82,158776,2
Florian,,Kohfeldt,2,2,6,249388,212,4011,185,5511,75,0,0,249388,2,0,2013,0,1,1,1,21,0,0,2,5522,0,85,160944,6
Alexander,,Blessin,2,9,6,256828,291,2508,191,5553,75,0,0,256828,3,0,2014,0,1,0,1,21,0,0,3,5522,0,85,160439,3
Markus,,Schopp,51,8,45,10059,205,1553,188,5509,82,0,0,10059,2,0,2017,0,2,1,1,4,0,0,2,5522,0,85,160756,8
Won Kwon,Choi Won Kwon,Choi,2,0,0,272605,662,533,175,5514,75,0,0,272605,4,0,2056,0,3,0,1,167,0,0,4,5566,0,81,160731,0
Cláudio Roberto,Caçapa,da Silva,51,21,0,277059,0,1038,180,5707,75,0,0,277059,8,0,8001,0,9,0,1,54,0,0,8,5713,0,82,160991,21
Vasco César,Vasco Seabra,Freire de Seabra,2,5,6,250641,192,8,186,5707,75,0,0,250641,1,0,10020,2,1,0,1,38,0,0,1,5522,0,85,161053,6
,,,2,5,20,254885,114,1554,198,5509,75,0,0,26540,4,3,10029,2,1,0,0,95,0,0,4,5522,0,84,160824,24
,,,2,5,6,249957,39,2515,178,5527,75,0,0,26541,2,3,10030,0,6,1,0,21,0,0,2,5522,0,82,160237,6
Paulo Sérgio,Paulo Sérgio,Bento Brito,2,3,0,251907,189,4004,186,5509,75,0,0,251907,2,0,10031,6,3,0,1,38,0,0,2,5523,0,86,159730,3
Mattia,,Croci-Torti,2,9,0,264598,310,1554,178,5557,75,0,0,264598,2,0,10032,0,5,0,1,47,0,0,2,5521,0,82,160318,9
Jon Andoni,Jon Bolo,Pérez Alonso,2,9,28,252808,189,1532,186,5511,75,0,0,252808,2,0,10846,0,3,0,1,45,0,0,2,5534,0,85,160967,9
Freyr,,Alexandersson,2,19,8,269393,135,48,180,5558,75,0,0,269393,2,0,15001,0,3,0,1,24,0,0,2,5520,0,82,160237,6
Joachim,,Standfest,2,6,45,275830,177,34,180,5510,75,0,0,275830,2,0,15009,0,9,0,1,4,0,0,2,5565,0,82,160949,23
,,,2,0,0,151443,0,1502,183,5509,77,0,0,26544,5,0,15015,0,9,0,0,145,0,0,5,5707,0,82,160668,0
Thomas,,Silberberger,51,9,0,251657,321,1521,182,5509,75,0,0,251657,2,0,15040,6,2,1,1,4,0,0,2,5522,0,82,157315,1
,,,51,24,0,250173,218,2031,185,5546,75,0,0,26537,2,0,15048,0,1,0,0,14,0,0,2,5576,0,85,161038,9
Joseph,,Akpala,1,0,0,279608,675,1000,184,5511,75,0,0,279608,9,0,100081,0,9,0,1,133,0,0,9,5566,0,82,161131,0
Óscar,Óscar García,García Junyent,1,3,12,250213,65,41,184,5558,75,0,0,250213,1,0,100087,0,3,0,1,45,0,0,1,5533,0,83,160229,0
Ricardo Manuel,Sá Pinto,Silva Sá Pinto,2,6,0,250380,32,1506,178,5509,75,0,0,250380,4,0,100135,1,5,1,1,38,0,0,4,5523,0,81,160944,0
Toni,,Korkeakunnas,2,1,45,277071,655,4005,174,5557,75,0,0,277071,2,0,100325,0,8,0,1,17,0,0,2,5707,0,89,160979,19
,,,51,19,0,17455,290,2,190,5511,83,0,0,26544,1,0,100409,0,9,0,0,13,0,0,1,5506,0,84,159996,1
,,,51,8,6,250365,154,1520,176,5555,75,0,0,26537,2,0,100632,0,1,0,0,34,0,0,2,5717,0,82,160602,23
,,,2,9,4,279610,635,605,184,5509,75,0,0,26539,2,0,100634,2,1,0,0,34,0,0,2,5513,0,82,161131,23
,,,51,3,6,276351,244,9,188,5509,75,0,0,26543,3,0,100646,0,7,0,0,34,0,0,3,5513,0,85,160969,19
,,,0,0,0,63007,16,1,180,5500,75,0,0,26537,2,0,100757,0,1,1,0,14,0,0,2,5500,0,86,158960,0
Elias,,Charalambous,2,22,6,275009,8,2,182,5511,75,0,0,275009,3,0,100761,0,9,0,1,11,0,0,3,5510,0,82,160874,22
Craig,,Levein,51,8,14,249158,118,58,185,5506,75,0,0,249158,1,0,100804,0,1,0,1,42,0,0,1,5507,0,86,161094,24
Stephen,,Robinson,2,24,8,250536,149,2510,173,5511,75,0,0,250536,2,0,100805,0,3,0,1,35,0,0,2,5510,0,88,160473,12
Mehdi,,Nafti,2,0,0,259267,0,530,178,5558,75,0,0,259267,5,0,100831,0,9,1,1,145,0,0,5,5520,0,82,161124,0
Julián,Julián Calero,Calero Fernández,51,6,50,262324,0,3516,175,5557,75,0,0,262324,2,0,100851,6,2,0,1,45,0,0,2,5526,0,82,161053,6
Borja,Borja Jiménez,Jiménez Sáez,2,0,6,257378,114,17,175,5555,75,0,0,257378,4,0,100888,0,3,0,1,45,0,0,4,5523,0,82,160942,0
Emre,,Belözoğlu,2,0,6,264730,122,1531,169,5557,75,0,0,264730,3,0,101007,0,3,1,1,48,0,0,3,5565,0,88,161061,0
Çağdaş,,Atan,2,0,3,257918,65,68,187,5509,75,0,0,257918,3,0,101014,0,9,1,1,48,0,0,3,5715,0,86,161039,0
,,,0,0,0,63008,16,1,180,5500,75,0,0,26537,2,0,101016,0,1,1,0,14,0,0,2,5500,0,86,158960,0
Recep,,Uçar,51,12,6,269651,297,2520,173,5509,75,0,0,269651,3,0,101020,0,9,0,1,48,0,0,3,5507,0,88,161038,20
Volkan,,Demirel,2,0,28,266022,155,3502,191,5558,75,0,0,266022,2,0,101028,0,3,1,1,48,0,0,2,5500,0,85,160682,0
Hakan,,Keleş,51,23,6,249520,117,3516,175,5509,75,0,0,249520,1,0,101033,6,3,1,1,48,0,0,1,5520,0,83,161085,0
İlhan,,Palut,2,0,14,254545,183,2522,175,5527,75,0,0,254545,3,0,101037,0,9,1,1,48,0,0,3,5565,0,83,160949,0
Servet,,Çetin,2,21,12,276121,597,2522,191,5527,75,0,0,276121,2,0,101041,1,9,0,1,48,0,0,2,5569,0,86,160967,21
Oleksandr,,Shovkovskyi,2,20,6,279139,310,4004,191,5551,75,0,0,279139,2,0,101047,0,3,0,1,49,0,0,2,5566,0,85,161093,20
,,,51,9,45,250005,188,43,188,5509,75,0,0,26541,2,3,101059,0,6,0,0,34,0,0,2,5520,0,85,161082,23
Eduardo,,Domínguez,51,22,22,142700,670,1543,185,5718,82,0,0,142700,5,0,101083,1,9,0,1,52,0,0,5,5508,0,85,160423,23
Leonardo,,Madelón,51,24,6,249902,72,3508,175,5506,75,0,0,249902,2,0,101084,1,9,0,1,52,0,0,2,5569,0,83,161034,23
,,,0,0,0,63010,16,1,180,5500,75,0,0,26537,2,0,101085,0,1,1,0,14,0,0,2,5500,0,86,158960,0
Sebastián,,Méndez,51,0,6,250472,0,1505,177,5554,75,0,0,250472,1,0,101088,0,2,1,1,52,0,0,1,5522,0,82,160963,3
,,,0,0,0,63016,16,1,180,5500,75,0,0,26537,2,0,101097,0,1,1,0,14,0,0,2,5500,0,86,158960,0
,,,2,0,0,249695,118,1502,176,5506,75,0,0,26543,3,0,101100,1,7,0,0,56,0,0,3,5717,0,81,161067,21
,,,0,0,0,63017,16,1,180,5500,75,0,0,26537,2,0,101101,0,1,1,0,14,0,0,2,5500,0,86,158960,0
,,,0,0,0,63018,16,1,180,5500,75,0,0,26537,2,0,101103,0,1,1,0,14,0,0,2,5500,0,86,158960,0
,,,0,0,0,63019,16,1,180,5500,75,0,0,26537,2,0,101104,0,1,1,0,14,0,0,2,5500,0,86,158960,0
,,,51,24,0,248929,79,3003,168,5551,75,0,0,26547,6,0,101105,2,3,1,0,56,0,0,6,5718,0,88,159668,0
,,,0,0,0,63020,16,1,180,5500,75,0,0,26537,2,0,101108,0,1,1,0,14,0,0,2,5500,0,86,158960,0
,,,51,0,8,259338,297,2504,178,5509,75,0,0,26544,4,0,101109,1,9,0,0,60,0,0,4,5508,0,82,160572,23
,,,0,0,0,63021,16,1,180,5500,75,0,0,26537,2,0,101110,0,1,1,0,14,0,0,2,5500,0,86,158960,0
,,,2,9,6,264669,24,2016,171,5507,75,0,0,26541,3,3,101112,1,6,1,0,27,0,0,3,5534,0,88,160294,0
,,,51,2,0,232303,208,2014,181,5558,78,0,0,26539,1,0,105035,2,1,0,0,34,0,0,1,5517,0,83,160786,1
Miguel Ángel,Míchel,Sánchez Muñoz,2,22,0,146777,160,3509,174,5509,66,1,0,146777,4,0,110062,0,4,0,0,45,0,0,4,5567,0,87,160245,23
Alessio,,Lisci,0,3,6,265765,686,3510,172,5557,75,0,0,265765,4,0,110069,1,8,0,1,27,0,0,4,5551,0,88,160951,6
Dorinel,,Munteanu,2,6,0,275653,29,2517,180,5514,75,0,0,275653,2,0,110072,6,2,0,1,39,0,0,2,5551,0,82,160242,6
Gheorghe,,Hagi,51,9,0,262188,154,1500,172,5511,75,0,0,262188,3,0,110075,1,3,1,1,39,0,0,3,5566,0,88,160227,0
Florin,,Pârvu,2,9,6,274247,141,3516,184,5551,75,0,0,274247,2,0,110078,0,5,1,1,39,0,0,2,5551,0,81,160824,23
Michael,,O'Neill,51,9,0,250085,244,3504,180,5544,75,0,0,250085,1,0,110081,6,9,0,1,35,0,0,1,5578,0,82,160761,3
Carlos,,Tévez,2,0,4,269700,77,54,171,5520,75,1,0,143001,5,2,110093,1,9,1,0,52,0,0,5,5566,0,9,160593,0
Thomas,,Wörle,2,6,6,276667,284,1505,184,5554,75,0,0,276667,1,0,110176,0,3,0,1,21,0,0,1,5729,0,82,160237,6
Jens,,Keller,51,24,45,249659,636,24,182,5511,75,0,0,249659,2,0,110178,0,3,0,1,21,0,0,2,5552,0,82,161081,8
Cristóbal,Cristóbal Parralo,Parralo Aguilera,51,23,0,249168,212,2500,178,5509,75,0,0,249168,4,0,110242,0,9,0,1,45,0,0,4,5504,0,82,160097,23
,,,51,9,6,249698,26,2515,178,5511,75,0,0,26544,1,0,110313,1,9,1,0,14,0,0,1,5580,0,83,157759,1
,,,2,9,28,250168,117,41,169,5511,75,0,0,26543,2,0,110321,0,7,0,0,18,0,0,2,5566,0,87,160956,23
,,,0,6,6,273963,141,2009,183,5527,75,0,0,26541,2,3,110329,0,6,0,0,21,0,0,2,5569,0,82,160777,19
Filippo,,Inzaghi,51,9,0,262282,9,1505,181,5558,75,0,0,262282,3,0,110373,1,9,0,1,27,0,0,3,5566,0,81,161068,0
Vincenzo,,Italiano,2,0,14,251172,0,1509,171,5509,75,0,0,251172,3,3,110374,1,3,1,0,27,0,0,3,5566,0,88,160237,23
,,,0,0,0,63064,16,1,180,5500,75,0,0,26537,2,0,110394,0,1,1,0,14,0,0,2,5500,0,86,158960,0
Ricardo,,Zielinski,51,6,6,250378,59,48,180,5509,75,0,0,250378,4,0,110395,0,9,0,1,52,0,0,4,5520,0,82,160786,6
Gabriel,,Heinze,51,5,45,8222,9,2507,178,5521,72,0,0,8222,3,0,110396,0,2,1,1,52,0,0,3,5716,0,82,160731,9
Julio César,,Falcioni,51,23,6,249819,291,2502,182,5511,75,0,0,249819,3,0,110404,1,2,0,1,52,0,0,3,5566,0,82,160634,1
Israel,,Damonte,2,24,6,255029,181,1517,175,5557,75,0,0,255029,2,0,110406,6,1,1,1,52,0,0,2,5523,0,82,161085,6
,,,2,20,0,276459,140,1521,180,5511,75,0,0,26541,2,3,110456,0,6,0,0,38,0,0,2,5566,0,82,160971,20
Miroslav,,Koubek,51,22,0,277803,0,4021,185,5511,75,0,0,277803,1,0,110468,2,6,0,1,12,0,0,1,5566,0,85,160941,9
Sreto,,Ristic,2,21,4,274224,65,604,189,5511,75,0,0,274224,3,0,110482,1,3,0,1,51,0,0,3,5510,0,85,160828,21
,,,51,9,6,262810,0,3508,189,5527,75,0,0,26538,2,0,110500,0,2,1,0,21,0,0,2,5521,0,85,160650,0
Alexander,,Ende,2,9,4,276294,24,3516,180,5527,75,0,0,276294,1,0,110501,0,4,0,1,21,0,0,1,5510,0,81,160966,8
,,,2,6,6,169229,0,3513,174,5521,68,0,0,26538,3,0,110502,0,2,1,0,21,0,0,3,5552,0,88,160237,6
Rüdiger,,Rehm,2,3,6,109317,35,54,184,5527,74,0,0,109317,2,0,110532,2,3,1,1,21,0,0,2,5520,0,82,160397,3
Alberto,,Gilardino,51,5,4,272679,139,2517,184,5555,75,0,0,272679,4,0,110556,2,3,0,1,27,0,0,4,5522,0,82,160760,6
Miguel Ángel,,Russo,51,8,0,250106,292,1526,175,5511,75,0,0,250106,5,0,110580,2,9,0,1,52,0,0,5,5524,0,81,160773,3
,,,51,3,4,266445,643,1522,180,5526,75,0,0,26541,3,3,110581,0,6,0,0,52,0,0,3,5522,0,82,160647,22
,,,51,3,6,249128,57,42,184,5509,75,0,0,26540,2,3,110588,2,1,0,0,21,0,0,2,5708,0,83,160098,22
,,,2,0,8,105292,45,1003,180,5510,79,0,0,26545,8,2,110636,0,9,1,0,21,0,0,8,5510,0,82,160459,0
Olaf,,Janßen,51,9,0,250193,234,58,177,5558,75,0,0,250193,2,0,110645,1,2,0,1,21,0,0,2,5566,0,82,160087,0
Jan,,Zimmermann,2,9,4,263800,642,3510,180,5506,75,0,0,263800,2,0,110676,0,6,0,1,21,0,0,2,5567,0,82,160824,9
Thomas,,Stamm,2,5,16,262753,160,1505,180,5557,75,0,0,262753,2,0,110691,0,1,0,1,47,0,0,2,5522,0,81,160237,6
Gerald,,Scheiblehner,51,23,6,275685,289,1553,181,5541,75,0,0,275685,2,0,110720,0,1,0,1,4,0,0,2,5728,0,82,160237,23
Besnik,,Hasi,51,3,8,249055,189,1533,177,5718,75,0,0,249055,5,0,110724,0,1,1,1,1,0,0,5,5524,0,82,161098,0
Alberto,,Aquilani,2,0,4,276254,93,3518,186,5511,75,0,0,276254,2,0,110738,1,9,0,1,27,0,0,2,5510,0,85,160965,0
Alessandro,,Nesta,51,0,0,262191,552,1542,187,5510,75,0,0,262191,4,0,110740,0,9,0,1,27,0,0,4,5565,0,84,160946,0
Adrian,,Siemieniec,2,3,0,275035,227,4013,180,5511,75,0,0,275035,2,0,110745,0,3,0,1,37,0,0,2,5510,0,83,160879,3
Jens,,Gustafsson,51,3,6,249657,189,2016,182,5548,75,0,0,249657,1,0,110746,6,2,0,1,46,0,0,1,5522,0,82,160584,3
Jacek,,Zieliński,51,9,0,249617,65,2518,182,5558,75,0,0,249617,2,0,110747,1,1,1,1,37,0,0,2,5520,0,82,160369,0
Waldemar,,Fornalik,51,9,0,250674,118,2500,173,5510,75,0,0,250674,2,0,110749,2,9,0,1,37,0,0,2,5569,0,88,160753,22
Mircea,,Rednic,51,9,6,250122,167,2508,175,5527,75,0,0,250122,2,0,110750,2,3,0,1,39,0,0,2,5522,0,82,160900,1
Ovidiu,,Sabău,2,9,0,272995,189,1512,176,5511,75,0,0,272995,2,0,110751,0,1,0,1,39,0,0,2,5575,0,82,161021,23
Andrei,,Patache,2,22,6,279140,26,3516,174,5511,75,0,0,279140,2,0,110752,0,3,0,1,39,0,0,2,5551,0,88,161092,22
Sung Hwan,Jo Sung Hwan,Jo,2,0,0,250550,310,561,171,5520,75,0,0,250550,5,0,110765,0,9,0,1,167,0,0,5,5522,0,88,159909,0
Marius,,Șumudică,51,24,3,250013,293,1520,179,5511,75,0,0,250013,3,0,110776,0,3,1,1,39,0,0,3,5713,0,83,161035,8
,,,2,3,0,262312,0,2016,186,5511,75,0,0,26538,2,0,110799,2,2,0,0,14,0,0,2,5710,0,86,159445,4
Leo,,Grozavu,51,9,6,254286,310,4006,186,5557,75,0,0,254286,2,0,110815,0,3,1,1,39,0,0,2,5728,0,85,160709,1
Luis Miguel,Luis Carrión,Carrión Delgado,2,23,6,145151,140,1501,176,5529,75,0,0,145151,4,0,110827,0,2,0,1,45,0,0,4,5508,0,82,161049,23
Alexander,,Medina,2,0,6,251008,111,57,178,5535,75,0,0,251008,1,0,110832,0,2,0,1,60,0,0,1,5508,0,82,161116,0
Antonio,Antonio Hidalgo,Hidalgo Morilla,2,9,7,257581,160,5,183,5557,75,0,0,257581,4,0,110839,0,9,0,1,45,0,0,4,5567,0,81,161069,0
,,,2,8,6,269824,186,2003,174,5509,75,0,0,26540,2,3,110890,0,1,0,0,14,0,0,2,5715,0,88,160796,23
Miguel,Miguel Álvarez,Álvarez Jurado,51,24,45,269645,293,2500,173,5554,75,0,0,269645,4,0,110902,0,9,0,1,45,0,0,4,5567,0,88,158871,24
Vincenzo,,Vivarini,51,8,8,250660,72,2006,175,5509,75,0,0,250660,2,0,110908,2,3,1,1,27,0,0,2,5505,0,82,160389,8
Diego,,Dabove,2,23,6,249253,292,2512,185,5509,75,0,0,249253,3,0,110953,1,5,0,1,52,0,0,3,5507,0,85,160944,9
,,,51,0,0,249679,220,560,179,5509,75,0,0,26546,4,0,110955,0,9,0,0,155,0,0,4,5522,0,82,160480,3
,,,51,0,0,249091,655,1500,180,5520,75,0,0,26539,4,0,110967,0,1,0,0,52,0,0,4,5569,0,82,160835,0
,,,0,0,0,63065,16,1,180,5500,75,0,0,26537,2,0,110968,0,1,1,0,14,0,0,2,5500,0,86,158960,0
,,,0,0,0,63066,16,1,180,5500,75,0,0,26537,2,0,110969,0,1,1,0,14,0,0,2,5500,0,86,158960,0
,,,2,0,8,271776,293,1502,175,5521,75,0,0,26543,2,0,110970,0,7,0,0,55,0,0,2,5566,0,82,161097,0
,,,2,0,6,272768,198,1519,175,5722,75,0,0,26541,6,3,110975,1,6,0,0,55,0,0,6,5522,0,81,160991,0
,,,51,9,0,256112,635,3002,176,5511,75,0,0,26542,6,0,110978,1,3,0,0,55,0,0,6,5510,0,82,158870,0
,,,51,22,0,249516,289,42,181,5529,75,0,0,26543,4,0,110980,1,7,0,0,53,0,0,4,5524,0,82,159966,22
,,,2,23,6,249255,59,20,180,5511,75,0,0,26543,2,0,110981,1,7,0,0,60,0,0,2,5713,0,82,160979,9
,,,0,0,0,63067,16,1,180,5500,75,0,0,26537,2,0,110982,0,1,1,0,14,0,0,2,5500,0,86,158960,0
,,,51,8,0,249559,37,19,183,5524,75,0,0,26547,6,0,110984,1,3,0,0,56,0,0,6,5523,0,83,160945,0
,,,0,6,4,249944,12,2020,179,5527,75,0,0,26541,2,3,110986,6,6,1,0,52,0,0,2,5567,0,81,160532,6
,,,0,0,0,63068,16,1,180,5500,75,0,0,26537,2,0,110987,0,1,1,0,14,0,0,2,5500,0,86,158960,0
,,,51,0,0,260069,29,1536,173,5555,75,0,0,26544,5,0,110989,1,9,1,0,61,0,0,5,5552,0,89,160725,0
,,,2,12,6,271616,92,57,174,5510,75,0,0,26544,4,0,110990,2,9,0,0,61,0,0,4,5505,0,89,160652,0
,,,0,0,0,63069,16,1,180,5500,75,0,0,26537,2,0,110993,0,1,1,0,14,0,0,2,5500,0,86,158960,0
,,,0,0,0,63070,16,1,180,5500,75,0,0,26537,2,0,110998,0,1,1,0,14,0,0,2,5500,0,86,158960,0
,,,0,0,0,63071,16,1,180,5500,75,0,0,26537,2,0,111004,0,1,1,0,14,0,0,2,5500,0,86,158960,0
,,,0,3,8,260220,244,10,182,5509,75,0,0,26543,4,0,111008,1,7,0,0,58,0,0,4,5716,0,82,161049,3
,,,51,0,0,250844,41,2017,176,5522,75,0,0,26540,4,3,111010,6,1,0,0,56,0,0,4,5566,0,82,161109,0
,,,0,0,0,63072,16,1,180,5500,75,0,0,26537,2,0,111011,0,1,1,0,14,0,0,2,5500,0,86,158960,0
,,,0,0,0,63073,16,1,180,5500,75,0,0,26537,2,0,111013,0,1,1,0,14,0,0,2,5500,0,86,158960,0
,,,51,8,6,249724,230,24,185,5505,75,0,0,26537,3,0,111014,1,1,1,0,60,0,0,3,5523,0,85,160847,8
Pablo,,Guede,51,6,6,250233,188,4021,178,5555,75,0,0,250233,4,0,111019,1,5,1,1,52,0,0,4,5507,0,83,161038,20
Guillermo,,Farré,2,0,0,273695,189,34,168,5510,75,0,0,273695,3,0,111022,0,9,0,1,52,0,0,3,5569,0,87,160184,0
,,,0,0,0,63074,16,1,180,5500,75,0,0,26537,2,0,111042,0,1,1,0,14,0,0,2,5500,0,86,158960,0
,,,0,0,0,63075,16,1,180,5500,75,0,0,26537,2,0,111052,0,1,1,0,14,0,0,2,5500,0,86,158960,0
,,,2,9,6,15947,117,1502,176,5521,77,0,0,26543,5,0,111065,0,7,0,0,95,0,0,5,5504,0,82,160294,0
Kamil,,Kuzera,2,5,6,272553,123,57,181,5511,75,0,0,272553,2,0,111083,0,1,0,1,37,0,0,2,5510,0,82,160723,6
Piotr,,Stokowiec,51,26,4,148528,655,2030,184,5530,75,0,0,148528,2,0,111085,6,2,1,1,37,0,0,2,5508,0,81,161070,26
Aleksandar,,Vuković,51,5,6,105530,26,33,186,5511,82,0,0,105530,2,0,111086,6,3,1,1,51,0,0,2,5520,0,85,160402,0
,,,0,0,0,63076,16,1,180,5500,75,0,0,26537,2,0,111088,0,1,1,0,14,0,0,2,5500,0,86,158960,0
Jacek,,Magiera,51,24,0,105852,195,2006,185,5510,77,0,0,105852,2,0,111092,0,8,0,1,37,0,0,2,5507,0,85,160896,0
Walid,,Regragui,2,0,4,271647,0,25,178,5511,75,0,0,271647,3,0,111111,1,3,0,1,129,0,0,3,5566,0,82,160663,0
,,,0,0,0,63077,16,1,180,5500,75,0,0,26537,2,0,111117,0,1,1,0,14,0,0,2,5500,0,86,158960,0
Andy,,Myler,2,24,4,267815,26,4,179,5510,75,0,0,267815,1,0,111132,0,3,0,1,25,0,0,1,5510,0,83,159670,8
,,,0,0,0,63078,16,1,180,5500,75,0,0,26537,2,0,111138,0,1,1,0,14,0,0,2,5500,0,86,158960,0
,,,0,0,0,63079,16,1,180,5500,75,0,0,26537,2,0,111139,0,1,1,0,14,0,0,2,5500,0,86,158960,0
,,,0,0,0,63080,16,1,180,5500,75,0,0,26537,2,0,111140,0,1,1,0,14,0,0,2,5500,0,86,158960,0
,,,51,8,0,249070,72,2016,180,5544,75,0,0,26539,2,0,111144,0,1,0,0,95,0,0,2,5584,0,82,158436,8
,,,2,9,4,249423,92,2009,190,5511,75,0,0,26540,2,3,111235,1,1,0,0,21,0,0,2,5712,0,86,155201,8
Michael,,Köllner,51,9,6,250083,150,33,180,5511,75,0,0,250083,2,0,111239,0,1,1,1,21,0,0,2,5566,0,81,160881,0
,,,51,8,28,250055,26,1553,181,5506,75,0,0,26544,2,0,111276,1,9,0,0,18,0,0,2,5522,0,82,160846,23
,,,0,0,0,63081,16,1,180,5500,75,0,0,26537,2,0,111325,0,1,1,0,14,0,0,2,5500,0,86,158960,0
,,,51,23,20,265625,54,36,193,5544,75,0,0,26540,4,3,111326,0,1,0,0,60,0,0,4,5507,0,85,160224,9
,,,51,3,8,250236,186,48,178,5511,75,0,0,26543,4,0,111328,1,7,0,0,52,0,0,4,5510,0,82,160786,0
,,,0,0,0,63082,16,1,180,5500,75,0,0,26537,2,0,111329,0,1,1,0,14,0,0,2,5500,0,86,158960,0
,,,0,0,0,63083,16,1,180,5500,75,0,0,26537,2,0,111332,0,1,1,0,14,0,0,2,5500,0,86,158960,0
,,,0,0,0,63084,16,1,180,5500,75,0,0,26537,2,0,111334,0,1,1,0,14,0,0,2,5500,0,86,158960,0
Sami,,Uğurlu,2,0,6,266273,0,2504,175,5511,75,0,0,266273,1,0,111339,0,3,0,1,48,0,0,1,5504,0,82,161117,0
,,,51,2,0,248940,139,4011,180,5558,75,0,0,26540,2,3,111380,0,1,0,0,34,0,0,2,5534,0,81,160416,5
Carl,,Veart,51,9,50,256922,189,1537,182,5515,75,0,0,256922,2,0,111393,2,9,0,1,195,0,0,2,5523,0,82,159942,9
Ross,,Aloisi,51,9,0,276348,175,43,178,5510,75,0,0,276348,3,0,111395,0,6,0,1,195,0,0,3,5510,0,82,160967,8
Mark,,Jackson,51,23,12,272778,693,4006,183,5527,75,0,0,272778,2,0,111396,0,2,1,1,14,0,0,2,5520,0,82,161055,23
Tony,,Popovic,51,6,4,44888,155,1508,193,5555,83,0,0,44888,2,0,111397,2,4,0,1,195,0,0,2,5501,0,85,160237,3
Rob,,Stanton,51,23,0,276248,85,58,180,5510,75,0,0,276248,3,0,111398,1,9,0,1,195,0,0,3,5510,0,83,160962,21
Alen,,Stajcic,51,5,0,248937,72,1535,180,5509,75,0,0,248937,2,0,111399,0,3,0,1,195,0,0,2,5523,0,82,161000,3
Ufuk,,Talay,51,9,8,250843,175,27,178,5524,75,0,0,250843,3,0,111400,2,2,1,1,195,0,0,3,5524,0,83,161097,9
Giovanni,,Stroppa,51,5,9,104061,103,58,180,5510,80,0,0,104061,3,0,111434,0,3,0,1,27,0,0,3,5567,0,83,161047,9
Chris,,Hughton,51,24,0,240488,201,2501,170,5558,67,1,0,240488,5,0,111462,2,3,0,0,25,0,0,7,5504,0,88,160828,22
,,,51,8,0,274054,72,4011,178,5506,75,0,0,26539,2,0,111473,0,1,0,0,198,0,0,2,5713,0,82,160967,22
Carlos,,Queiroz,51,8,0,197234,182,2003,183,5555,80,1,0,197234,3,4,111527,0,3,0,0,38,0,0,4,5524,0,82,160822,9
Pablo,Pablo Villar,Villar Ferreiro,0,0,0,276268,227,1526,186,5524,75,0,0,276268,1,0,111539,6,9,0,1,45,0,0,1,5524,0,85,160938,0
,,,0,0,0,63085,16,1,180,5500,75,0,0,26537,2,0,111592,0,1,1,0,14,0,0,2,5500,0,86,158960,0
,,,0,0,0,63086,16,1,180,5500,75,0,0,26537,2,0,111596,0,1,1,0,14,0,0,2,5500,0,86,158960,0
Carles,Carles Cuadrat,Cuadrat Xiqués,51,22,6,254101,662,1536,174,5528,75,0,0,254101,2,0,111629,6,3,0,1,45,0,0,2,5534,0,88,160900,22
,,,2,9,0,249699,65,68,165,5511,75,0,0,26543,3,0,111651,0,7,0,0,14,0,0,3,5520,0,88,161059,0
Eusebio,,Di Francesco,51,6,4,1212,160,2515,178,5514,71,0,0,1212,2,0,111657,1,8,1,1,27,0,0,2,5713,0,82,160967,23
,,,51,24,45,272652,103,2027,178,5540,75,0,0,26540,2,3,111659,0,1,0,0,18,0,0,2,5729,0,82,160752,8
Juan Ignacio,,Brown,51,0,4,249800,141,1519,185,5509,75,0,0,249800,3,0,111674,0,3,0,1,52,0,0,3,5569,0,85,161034,0
Hernán,,Crespo,2,9,0,262336,65,1508,184,5500,75,0,0,262336,4,0,111701,0,9,1,1,52,0,0,4,5500,0,82,161103,0
Olof,,Mellberg,2,6,18,253159,69,57,187,5511,75,0,0,253159,2,0,111705,0,1,0,1,46,0,0,2,5729,0,85,160759,6
Daniel,,Oldrá,51,8,3,275302,0,1502,183,5511,75,0,0,275302,4,0,111706,0,6,0,1,52,0,0,4,5566,0,82,160886,8
Favio,,Orsi,2,23,4,249365,0,4001,179,5529,75,0,0,249365,2,0,111708,0,9,0,1,52,0,0,2,5566,0,82,160969,9
Julio,,Vaccari,51,9,8,268489,40,10,186,5521,75,0,0,268489,3,0,111710,0,9,0,1,52,0,0,3,5566,0,84,160676,23
Diego Hernán,,Martínez,2,6,0,257048,84,4008,175,5527,75,0,0,257048,3,0,111711,1,9,0,1,52,0,0,3,5506,0,81,160969,3
Lucas,,Pusineri,51,24,0,249929,692,2003,179,5513,75,0,0,249929,3,0,111715,0,9,0,1,52,0,0,3,5534,0,82,161027,0
Cristian,Kily González,González,51,23,14,257049,65,1526,176,5511,75,0,0,257049,4,0,111716,0,3,0,1,52,0,0,4,5569,0,81,160962,23
,,,2,21,15,269941,0,36,194,5552,75,0,0,26538,4,0,111722,2,2,0,0,56,0,0,4,5522,0,85,160599,21
,,,51,21,0,249829,637,548,175,5722,75,0,0,26546,4,0,111724,1,9,0,0,167,0,0,4,5568,0,82,160921,21
Giancarlo,,Italiano,51,23,16,277539,220,2017,183,5527,75,0,0,277539,4,0,111766,1,9,0,1,195,0,0,4,5524,0,83,160893,23
,,,2,3,4,249784,290,3513,185,5555,75,0,0,26538,3,0,111768,1,2,0,0,38,0,0,3,5523,0,85,160951,3
,,,2,0,0,249114,127,559,177,5509,75,0,0,26546,4,0,111769,0,9,0,0,155,0,0,4,5520,0,82,159968,3
,,,2,0,6,278250,298,500,182,5510,75,0,0,26546,4,0,111773,1,9,0,0,155,0,0,4,5566,0,82,160950,0
,,,2,0,0,263753,152,556,180,5520,75,0,0,26546,4,0,111774,1,9,0,0,155,0,0,4,5526,0,83,160140,3
,,,2,9,12,276892,24,52,178,5507,75,0,0,26539,3,0,111779,0,1,0,0,45,0,0,3,5565,0,82,160850,9
Raffaele,,Palladino,2,0,28,271765,105,605,182,5550,75,0,0,271765,4,0,111811,2,9,0,1,27,0,0,4,5581,0,82,160676,22
,,,51,0,6,254812,114,2501,184,5506,75,0,0,26540,2,3,111817,0,1,0,0,18,0,0,2,5506,0,82,160967,0
Manfred,,Schmid,51,9,4,262712,65,26,175,5521,75,0,0,262712,3,0,111822,6,1,1,1,4,0,0,3,5566,0,82,160850,9
,,,2,9,8,167341,67,1510,173,5509,72,0,0,26543,3,0,111928,0,7,0,0,95,0,0,3,5566,0,88,160773,8
Alessio,,Dionisi,2,3,8,252399,218,40,178,5560,75,1,0,252399,2,4,111974,0,7,0,0,27,0,0,4,5523,0,82,160237,3
Edoardo,,Gorini,51,6,9,268696,139,56,186,5527,75,0,0,268696,2,0,111993,1,3,0,1,27,0,0,2,5566,0,85,160255,9
,,,0,0,0,63087,16,1,180,5500,75,0,0,26537,2,0,112001,0,1,1,0,14,0,0,2,5500,0,86,158960,0
Anders,,Torstensson,51,5,4,263992,175,3509,182,5511,75,0,0,263992,1,0,112072,6,3,0,1,46,0,0,1,5729,0,83,160738,9
Steven,,Gerrard,2,5,6,262054,118,1505,183,5509,75,1,0,13743,2,4,112096,0,8,0,0,14,0,2,2,5567,0,2,160969,3
Jong Hwan,Yoon Jong Hwan,Yoon,1,0,0,136606,662,560,173,5521,63,0,0,136606,4,0,112115,0,3,0,1,167,0,0,4,5713,0,87,160951,0
Kim,,Hellberg,2,6,4,267686,243,27,180,5511,75,0,0,267686,1,0,112126,2,1,0,1,46,0,0,1,5718,0,82,160421,6
,,,2,17,0,45846,93,3513,193,5521,92,0,0,26539,2,0,112134,0,1,0,0,95,0,0,2,5569,0,85,157659,1
Luís Manuel,Luís Castro,Ribeiro de Castro,51,24,0,249951,189,1526,181,5520,75,0,0,249951,4,0,112139,1,3,1,1,38,0,0,4,5713,0,81,160972,0
,,,51,9,0,249715,116,30,180,5534,75,0,0,26537,2,0,112163,1,1,0,0,45,0,0,2,5566,0,82,160056,3
Fabio,,Caserta,2,0,28,251209,182,41,179,5520,75,0,0,251209,3,0,112168,0,9,0,1,27,0,0,3,5566,0,81,160963,0
,,,51,24,8,50999,655,1528,187,5527,83,0,0,26540,2,3,112172,0,1,1,0,21,0,0,2,5569,0,84,160671,8
,,,0,0,0,63088,16,1,180,5500,75,0,0,26537,2,0,112184,0,1,1,0,14,0,0,2,5500,0,86,158960,0
Stefan,,Billborn,51,1,0,250518,175,4004,177,5511,75,0,0,250518,1,0,112199,0,3,1,1,46,0,0,1,5710,0,82,160427,1
,,,51,5,8,257838,105,3500,185,5511,75,0,0,26540,2,3,112222,1,1,0,0,14,0,0,2,5713,0,85,155812,5
Aurelio,,Vidmar,51,23,6,279003,182,2501,180,5510,75,0,0,279003,2,0,112224,0,4,0,1,195,0,0,2,5713,0,81,161090,9
,,,2,13,0,111310,40,2501,188,5511,86,0,0,26539,2,0,112254,0,1,0,0,25,0,0,2,5510,0,85,160713,6
Jung Hyo,Lee Jung Hyo,Lee,2,0,0,266879,152,509,170,5511,75,0,0,266879,4,0,112258,1,9,1,1,167,0,0,4,5508,0,88,160421,3
,,,2,0,6,265406,176,3516,185,5529,75,0,0,26541,2,3,112259,0,6,1,0,14,0,0,2,5504,0,85,160556,0
,,,2,23,4,11785,140,41,168,5511,66,0,0,26543,2,0,112260,0,7,0,0,14,0,0,2,5504,0,89,161039,23
,,,0,0,0,63089,16,1,180,5500,75,0,0,26537,2,0,112264,0,1,1,0,14,0,0,2,5500,0,86,158960,0
,,,0,0,0,63090,16,1,180,5500,75,0,0,26537,2,0,112288,0,1,1,0,14,0,0,2,5500,0,86,158960,0
,,,0,0,0,63091,16,1,180,5500,75,0,0,26537,2,0,112301,0,1,1,0,14,0,0,2,5500,0,86,158960,0
,,,0,0,0,63092,16,1,180,5500,75,0,0,26537,2,0,112303,0,1,1,0,14,0,0,2,5500,0,86,158960,0
,,,0,0,0,63093,16,1,180,5500,75,0,0,26537,2,0,112304,0,1,1,0,14,0,0,2,5500,0,86,158960,0
,,,2,0,0,269720,649,504,185,5529,75,0,0,26546,4,0,112378,2,9,0,0,155,0,0,4,5715,0,85,160498,0
Matthias,,Jaissle,0,19,6,263026,199,1526,186,5557,75,0,0,263026,2,0,112387,2,1,1,1,21,0,0,2,5523,0,85,160994,6
Slaven,,Bilić,51,22,14,183617,75,1550,189,5548,79,1,0,183617,2,0,112390,0,1,1,0,10,0,0,3,5508,0,85,160974,8
Igor,,Jovićević,2,22,8,256450,310,56,178,5541,75,0,0,256450,3,0,112392,2,3,0,1,10,0,0,3,5506,0,82,160615,23
Péricles,Péricles,Oliveira Chamusca,51,23,0,250288,65,528,180,5536,75,0,0,250288,5,0,112393,0,9,0,1,54,0,0,5,5534,0,81,160601,22
Giorgos,,Donis,51,8,6,249481,72,2003,175,5511,75,0,0,249481,2,0,112408,0,9,1,1,22,0,0,2,5567,0,82,160977,9
Mark,,Rudan,51,8,0,181465,37,57,192,5511,89,0,0,181465,3,0,112427,0,3,1,1,195,0,0,3,5508,0,85,160451,23
,,,0,0,0,63094,16,1,180,5500,75,0,0,26537,2,0,112428,0,1,1,0,14,0,0,2,5500,0,86,158960,0
,,,0,0,0,63095,16,1,180,5500,75,0,0,26537,2,0,112472,0,1,1,0,14,0,0,2,5500,0,86,158960,0
Federico,,Valente,2,1,45,279521,635,4012,189,5511,75,0,0,279521,1,0,112494,2,1,0,1,27,0,0,1,5520,0,85,161123,8
Marco,,Zaffaroni,51,9,0,263246,182,4002,193,5511,75,0,0,263246,3,0,112499,1,2,0,1,27,0,0,3,5552,0,84,161081,9
Dawid,,Szulczek,0,3,4,265537,206,1547,175,5511,75,0,0,265537,2,0,112511,2,2,0,1,37,0,0,2,5566,0,81,160367,3
de Sousa,Daniel Sousa,Pedro Daniel,2,0,8,272615,26,33,175,5511,75,0,0,272615,4,0,112513,1,9,0,1,38,0,0,4,5510,0,82,160739,0
,,,51,9,0,260576,144,34,180,5509,75,0,0,26540,2,3,112540,0,1,0,0,45,0,0,2,5523,0,82,160845,0
,,,2,0,0,5965,181,2002,184,5529,71,0,0,26540,2,3,112552,1,1,0,0,18,0,0,2,5580,0,82,160579,0
,,,0,0,0,63096,16,1,180,5500,75,0,0,26537,2,0,112558,0,1,1,0,14,0,0,2,5500,0,86,158960,0
Laurențiu,,Reghecampf,51,9,6,249891,242,48,174,5526,75,0,0,249891,3,0,112572,1,1,1,1,39,0,0,3,5566,0,88,161053,23
,,,0,0,0,63097,16,1,180,5500,75,0,0,26537,2,0,112578,0,1,1,0,14,0,0,2,5500,0,86,158960,0
,,,0,0,0,63098,16,1,180,5500,75,0,0,26537,2,0,112585,0,1,1,0,14,0,0,2,5500,0,86,158960,0
,,,2,3,6,250214,72,2508,173,5555,75,0,0,26544,4,0,112606,2,9,0,0,56,0,0,4,5713,0,88,159662,0
,,,0,0,0,63099,16,1,180,5500,75,0,0,26537,2,0,112670,0,1,1,0,14,0,0,2,5500,0,86,158960,0
Martín,,Palermo,2,9,6,51152,16,2012,188,5557,85,0,0,51152,2,0,112689,0,4,0,1,52,0,0,2,5508,0,85,160729,6
,,,0,0,0,63100,16,1,180,5500,75,0,0,26537,2,0,112707,0,1,1,0,14,0,0,2,5500,0,86,158960,0
Facundo,,Sava,51,18,0,122377,223,2501,189,5521,83,0,0,122377,3,0,112713,0,3,0,1,52,0,0,3,5522,0,85,161085,6
,,,0,0,0,63101,16,1,180,5500,75,0,0,26537,2,0,112716,0,1,1,0,14,0,0,2,5500,0,86,158960,0
,,,0,0,0,63102,16,1,180,5500,75,0,0,26537,2,0,112744,0,1,1,0,14,0,0,2,5500,0,86,158960,0
João Pedro,João Pedro Sousa,Ramos Borges Sousa,2,8,0,250861,117,3513,183,5557,75,0,0,250861,5,0,112809,1,3,0,1,38,0,0,5,5523,0,82,160446,0
,,,0,0,0,63103,16,1,180,5500,75,0,0,26537,2,0,112828,0,1,1,0,14,0,0,2,5500,0,86,158960,0
Pedro Emanuel,Pedro Emanuel,Martins Silva,2,23,0,250278,90,30,182,5507,75,0,0,250278,4,0,112883,0,3,1,1,38,0,0,4,5505,0,82,160604,23
,,,2,0,0,264217,141,1519,178,5575,75,0,0,26543,4,0,112885,0,7,1,0,83,0,0,4,5575,0,82,160279,0
,,,51,9,0,249463,78,12,175,5511,75,0,0,26542,4,0,112893,6,3,0,0,52,0,0,4,5510,0,83,160967,3
,,,2,3,4,266434,137,2017,178,5511,75,0,0,26543,4,0,112908,0,7,1,0,52,0,0,4,5506,0,82,160570,0
,,,2,0,0,260096,150,2507,173,5506,75,0,0,26541,5,3,112914,0,6,0,0,61,0,0,5,5522,0,88,159325,0
Omar,,De Felippe,2,24,8,250206,149,2516,181,5510,75,0,0,250206,3,0,112965,0,3,0,1,52,0,0,3,5525,0,82,161004,8
,,,2,9,6,249445,25,2505,175,5526,75,0,0,26538,2,0,112979,0,2,0,0,45,0,0,2,5566,0,82,160952,23
,,,2,0,46,249821,662,559,180,5533,75,0,0,26546,4,0,112985,0,9,0,0,155,0,0,4,5522,0,82,160837,0
,,,2,6,0,266232,37,1520,168,5555,75,0,0,26541,3,3,112996,2,6,0,0,95,0,0,3,5569,0,87,160423,0
,,,101,1,0,259448,9,5514,160,5700,75,1,1,40876,2,2,113000,3,2,0,0,14,0,0,2,5702,0,87,159991,1
Sarina,,Wiegman,151,2,0,250462,616,7005,168,5558,75,1,1,250462,4,0,113002,4,1,0,0,34,0,0,4,5700,0,88,160299,1
,,,2,5,6,249564,170,1518,184,5534,75,0,0,26541,3,3,113003,1,6,1,0,18,0,0,3,5534,0,82,160874,3
Horst,,Hrubesch,51,4,0,249570,108,3504,188,5510,75,0,0,249570,2,0,113004,0,1,0,1,21,0,0,2,5566,0,85,161090,5
Leif Gunnar,,Smerud,2,2,0,249895,195,4000,180,5556,75,0,0,249895,2,0,113007,0,6,0,1,36,0,0,2,5534,0,82,161032,2
Peter,,Gerhardsson,51,5,4,250297,284,525,176,5511,75,0,0,250297,1,0,113008,0,2,0,1,46,0,0,1,5508,0,82,158807,8
,,,151,6,0,277817,623,7005,155,5704,75,0,1,40835,2,1,113009,3,3,0,0,95,0,0,2,5704,0,89,161014,5
Pedro,Pedro López,López Ramos,51,9,8,271814,297,3512,175,5520,75,0,0,271814,3,0,113010,1,9,0,1,45,0,0,3,5567,0,82,160678,9
,,,2,2,0,248991,138,1510,178,5511,75,0,0,26540,1,3,113011,0,1,0,0,34,0,0,1,5505,0,81,160656,6
Montserrat,Montse Tomé,Tomé Vázquez,101,3,0,278088,908,9521,175,5707,75,0,1,278088,2,0,113012,3,9,0,1,45,0,0,2,5520,0,81,161033,3
,,,51,2,1,273126,77,14,174,5526,75,0,0,26540,1,3,113018,0,1,0,0,140,0,0,1,5526,0,88,160786,2
,,,0,0,0,63104,16,1,180,5500,75,0,0,26537,2,0,113029,0,1,1,0,14,0,0,2,5500,0,86,158960,0
Odair,Odair Hellmann,Hellmann,2,24,45,250191,136,3510,179,5526,75,0,0,250191,3,0,113037,0,5,1,1,54,0,0,3,5569,0,82,161081,8
Juan Pedro,Benali,Benali Hammou,51,20,8,275413,290,1553,175,5509,75,0,0,275413,2,0,113040,2,3,0,1,45,0,0,2,5505,0,82,160927,20
Sergio,,Rondina,51,24,0,250489,682,522,169,5509,75,0,0,250489,5,0,113044,2,3,0,1,52,0,0,5,5510,0,88,160613,23
Vuk,,Rašović,51,23,0,250672,154,47,182,5509,75,0,0,250672,3,0,113057,2,3,0,1,51,0,0,3,5520,0,82,160237,0
Czesław,,Michniewicz,51,5,0,249171,655,2007,188,5529,75,0,0,249171,2,0,113058,6,2,1,1,37,0,0,2,5579,0,86,160948,5
Jorge Pinto,Jorge Mendonça,Mendonça,51,9,16,276779,632,1510,178,5534,75,0,0,276779,5,0,113060,0,9,0,1,38,0,0,5,5534,0,82,160602,8
Fatih,,Tekke,51,0,4,143294,310,1502,178,5527,75,0,0,143294,3,0,113142,2,6,0,1,48,0,0,3,5569,0,82,160718,23
Juan,Juan Ferrando,Ferrando Fenoll,2,3,45,256833,142,2017,187,5506,75,0,0,256833,2,0,113146,0,3,1,1,45,0,0,2,5522,0,84,160409,0
,,,2,3,6,267470,221,42,183,5510,75,0,0,26541,1,3,113149,0,6,0,0,95,0,0,1,5569,0,81,160403,0
Ilie,,Poenaru,2,3,6,251092,155,4001,170,5527,75,0,0,251092,2,0,113182,0,6,0,1,39,0,0,2,5522,0,87,160944,3
Cosmin,,Contra,51,3,6,760,65,10,180,5510,74,0,0,760,4,0,113217,0,3,1,1,39,0,0,4,5565,0,82,160296,0
Daniel,,Carreño,51,2,14,249752,80,30,185,5558,75,0,0,249752,5,0,113222,1,4,1,1,60,0,0,5,5569,0,85,161067,6
Sergio,Sergio Lobera,Lobera Rodríguez,51,0,0,254109,672,1529,175,5557,75,0,0,254109,2,0,113257,2,3,0,1,45,0,0,2,5521,0,82,160922,0
Owen,,Coyle,51,24,0,122621,16,2515,180,5511,71,0,0,122621,2,0,113297,0,6,1,1,25,0,0,2,5522,0,83,160982,0
Manuel,Manolo Márquez,Márquez Roca,51,9,4,249969,147,1533,175,5555,75,0,0,249969,2,0,113298,0,3,0,1,45,0,0,2,5715,0,83,160937,9
Ivan,,Vukomanović,2,6,4,262734,208,2517,188,5523,75,0,0,262734,4,0,113299,0,9,0,1,51,0,0,4,5523,0,85,160223,6
Anthony,,Fernandes,2,0,0,279250,106,1037,175,5520,75,0,0,279250,6,0,113300,6,3,0,1,159,0,0,6,5567,0,82,161109,0
Conor,,Nestor,2,0,4,276623,154,58,168,5520,75,0,0,276623,3,0,113301,2,3,0,1,25,0,0,3,5520,0,89,160974,0
Simon,,Grayson,51,9,0,138225,0,2016,183,5511,81,0,0,138225,1,0,113302,6,8,0,1,14,0,0,1,5566,0,82,160579,24
Alejandro,Jandro,Castro Fernández,2,23,6,279609,122,34,175,5532,75,0,0,279609,4,0,113356,0,9,0,1,45,0,0,4,5726,0,81,161133,22
Bernd,,Storck,51,8,0,249053,635,2,182,5511,75,0,0,249053,2,0,113378,0,3,0,1,21,0,0,2,5507,0,82,161119,20
,,,51,6,6,249613,29,34,177,5555,75,0,0,26539,3,0,113394,0,1,0,0,7,0,0,3,5517,0,83,156476,6
Christer,,Mattiasson,51,19,0,273088,230,17,175,5511,75,0,0,273088,2,0,113458,0,1,0,1,46,0,0,2,5507,0,82,160786,5
,,,51,23,0,276105,290,2507,183,5554,75,0,0,26544,2,0,113742,0,9,0,0,18,0,0,2,5522,0,81,159763,23
Martin,,Skogman,2,4,0,276437,0,1551,180,5511,75,0,0,276437,1,0,113743,6,5,0,1,46,0,0,1,5526,0,83,160969,4
Tobias,,Solberg,2,3,4,260993,310,69,181,5511,75,0,0,260993,2,0,113892,0,3,0,1,46,0,0,2,5728,0,82,159659,3
,,,2,6,4,269254,0,3513,178,5511,75,0,0,26538,1,0,113926,0,2,0,0,14,0,0,1,5707,0,82,160560,6
,,,51,24,16,250421,0,33,183,5529,75,0,0,26544,2,0,113973,2,9,0,0,27,0,0,2,5584,0,82,161103,24
Luca,,D'Angelo,51,19,14,251208,111,4005,184,5527,75,0,0,251208,2,0,113974,1,3,0,1,27,0,0,2,5522,0,82,161104,8
Pedro,,Martínez Losa,2,0,4,263860,189,27,179,5530,75,0,0,263860,4,0,113984,0,7,0,1,45,0,0,4,5507,0,82,160257,0
Germán,,Portanova,2,21,0,272831,148,1510,174,5511,75,0,0,272831,4,0,113996,0,3,0,1,52,0,0,4,5506,0,88,160262,21
Kamil,,Kiereś,51,9,0,249828,150,30,180,5532,75,0,0,249828,2,0,114004,6,1,0,1,37,0,0,2,5513,0,83,160865,23
,,,0,0,0,63107,16,1,180,5500,75,0,0,26537,2,0,114019,0,1,1,0,14,0,0,2,5500,0,86,158960,0
John,,Aloisi,51,9,4,7797,16,525,184,5557,88,0,0,7797,4,0,114023,0,6,0,1,195,0,0,4,5507,0,82,160251,9
Marius,,Măldărășanu,51,3,6,269439,150,25,177,5510,75,0,0,269439,3,0,114147,0,3,0,1,39,0,0,3,5566,0,81,160237,0
,,,2,3,0,261965,189,41,172,5556,75,0,0,26541,3,3,114161,1,6,0,0,95,0,0,3,5523,0,87,159690,21
,,,2,6,45,255011,297,1520,175,5511,75,0,0,26538,1,0,114162,2,2,1,0,14,0,0,1,5506,0,82,159690,9
Scott,,Cooper,51,6,14,277241,655,4011,180,5587,75,0,0,277241,5,0,114168,6,2,0,1,14,0,0,5,5522,0,82,160980,6
Dawid,,Szwarga,2,3,0,277429,0,5,194,5511,75,0,0,277429,2,0,114326,2,3,0,1,37,0,0,2,5551,0,84,160967,3
Andrea,,Mandorlini,51,24,0,248980,290,68,182,5511,75,0,0,248980,2,0,114385,0,2,1,1,27,0,0,2,5510,0,82,160952,9
Tomasz,,Tułacz,51,24,0,275909,297,2014,180,5541,75,0,0,275909,1,0,114393,6,1,1,1,37,0,0,1,5523,0,83,158088,24
Pedro Miguel,Pedro Moreira,de Barros Moreira,2,23,0,279484,189,55,180,5529,75,0,0,279484,4,0,114510,1,3,0,1,38,0,0,4,5523,0,82,161110,0
Eder,Eder Sarabia,Sarabia Armesto,2,9,8,269896,284,26,170,5530,75,0,0,269896,4,0,114554,0,9,0,1,45,0,0,4,5504,0,88,160073,23
,,,2,22,6,271712,26,33,185,5520,75,0,0,26538,4,0,114580,0,2,0,0,52,0,0,4,5522,0,85,160663,22
,,,0,0,0,63112,16,1,180,5500,75,0,0,26537,2,0,114582,0,1,1,0,14,0,0,2,5500,0,86,158960,0
,,,51,0,0,259842,57,1542,175,5509,75,0,0,26541,5,3,114600,0,6,0,0,53,0,0,5,5533,0,82,161098,0
Mile,,Sterjovski,51,23,0,273691,693,1550,181,5510,75,0,0,273691,3,0,114604,2,3,0,1,195,0,0,3,5510,0,82,160808,9
,,,2,0,3,250178,0,5003,169,5506,75,0,0,26545,8,2,114611,0,9,1,0,61,0,0,8,5508,0,88,160786,0
,,,2,23,46,268287,166,2007,176,5506,75,0,0,26543,2,0,114628,1,7,0,0,51,0,0,2,5566,0,83,160076,3
,,,51,2,0,249224,167,3500,185,5509,75,0,0,26539,1,0,114640,1,1,0,0,14,0,0,1,5523,0,86,161131,1
,,,0,0,0,63113,16,1,180,5500,75,0,0,26537,2,0,114815,0,1,1,0,14,0,0,2,5500,0,86,158960,0
,,,51,24,6,232425,154,2508,176,5561,75,0,0,26544,2,0,114912,0,9,1,0,38,0,0,2,5713,0,82,160237,9
Anthony,,Braizat,2,23,14,275803,221,3509,175,5527,75,0,0,275803,2,0,115201,0,3,0,1,18,0,0,2,5566,0,82,160602,3
Staikos,,Vergetis,2,0,0,277242,290,3516,180,5505,75,0,0,277242,3,0,115202,6,5,1,1,22,0,0,3,5523,0,82,160640,0
,,,0,0,0,63114,16,1,180,5500,75,0,0,26537,2,0,115358,0,1,1,0,14,0,0,2,5500,0,86,158960,0
,,,0,0,0,63115,16,1,180,5500,75,0,0,26537,2,0,115486,0,1,1,0,14,0,0,2,5500,0,86,158960,0
Francisco,Francisco Neto,Conceição Neto,2,0,0,261966,75,1535,180,5547,75,0,0,261966,4,0,115682,0,9,0,1,38,0,0,4,5518,0,82,157554,0
,,,0,0,0,262610,16,1,178,5530,75,0,0,262610,2,0,115691,0,1,0,1,18,0,0,2,5551,0,83,158960,0
,,,0,0,0,262611,16,1,180,5530,75,0,0,26539,2,0,115692,0,1,0,0,18,0,0,2,5533,0,83,158960,0
Giovanni,,Costantino,51,0,6,278880,220,1519,180,5727,75,0,0,278880,3,0,115716,0,3,0,1,27,0,0,3,5533,0,82,161074,0
,,,51,9,45,250065,290,2508,189,5547,75,0,0,26544,2,0,115841,1,9,0,0,27,0,0,2,5713,0,86,160215,3
,,,51,24,0,249472,104,3501,177,5509,75,0,0,26542,2,0,115845,1,3,1,0,27,0,0,2,5514,0,82,158394,0
Alexander,,Straus,2,9,8,272396,654,4014,178,5511,75,0,0,272396,1,0,115995,0,1,0,1,36,0,0,1,5566,0,82,160602,8
Robert,,de Pauw,2,3,4,272457,0,37,180,5511,73,0,0,272457,3,0,115996,0,3,0,1,34,0,0,3,5713,0,82,160602,3
Niko,,Arnautis,2,3,12,271639,289,2508,170,5509,75,1,0,271639,3,0,115997,0,4,0,0,21,0,0,2,5567,0,87,158838,0
Tommy,,Stroot,0,2,6,271640,185,2022,180,5539,75,1,0,271640,2,3,115998,0,2,0,0,21,0,0,3,5504,0,82,160237,2
Stephan,,Lerch,2,19,8,274851,0,4003,183,5511,75,0,0,274851,2,0,115999,0,1,0,1,21,0,0,2,5714,0,82,160967,6
Markus,,Högner,2,9,6,272468,0,16,183,5511,75,0,0,272468,2,0,116001,0,1,0,1,21,0,0,2,5510,0,82,156219,9
Theresa,,Merk,101,4,0,272467,505,7008,172,5704,60,0,1,272467,2,0,116002,5,1,0,1,21,0,0,2,5713,0,88,160602,0
Daniel,,Weber,51,9,0,277605,682,42,180,5511,75,0,0,277605,2,0,116003,0,1,0,1,21,0,0,2,5728,0,83,160937,23
Thomas,,Horsch,51,5,6,272474,291,2506,179,5511,82,0,0,272474,2,0,116004,0,1,0,1,21,0,0,2,5508,0,83,160146,20
,,,0,0,0,63117,16,1,180,5500,75,0,0,26537,2,0,116007,0,1,1,0,14,0,0,2,5500,0,86,158960,0
Jonas,,Eidevall,2,4,6,268005,243,26,185,5511,75,1,0,268005,2,0,116009,0,2,1,0,46,0,0,1,5711,0,85,160237,1
Emma,,Hayes,101,15,0,268352,444,5504,175,5509,75,1,1,268352,2,0,116010,4,5,1,0,14,0,0,2,5700,0,83,156994,1
Robert,,Vilahamn,2,23,6,276577,24,3512,189,5557,75,0,0,276577,2,0,116011,2,4,0,1,46,0,0,2,5566,0,85,160973,3
Marc,,Skinner,2,3,16,268353,220,17,170,5509,75,0,0,268353,1,0,116012,0,1,0,1,14,0,0,1,5508,0,88,160265,3
Melissa,,Phillips,101,1,0,275082,437,10501,173,5706,75,0,1,275082,2,0,116013,4,2,0,1,95,0,0,2,5704,0,88,160882,20
Rehanne,,Skinner,101,2,0,267968,732,7501,175,5511,75,1,1,267968,1,2,116014,4,1,0,0,14,0,0,2,5704,0,82,160986,1
Carla,,Ward,101,4,0,268114,536,9502,172,5511,75,1,1,268114,2,0,116015,4,2,0,0,14,0,0,5,5703,0,88,160207,3
Brian,,Sørensen,2,19,12,268902,310,2007,170,5509,75,0,0,268902,1,0,116016,2,1,0,1,13,0,0,1,5707,0,88,160572,6
Gareth,,Taylor,2,3,6,268354,234,2003,185,5509,75,0,0,268354,1,0,116017,6,6,0,1,14,0,0,1,5714,0,85,159838,9
Willie,,Kirk,2,24,6,272509,218,1553,182,5557,75,0,0,272509,1,0,116020,0,1,0,1,42,0,0,1,5718,0,82,160727,18
Şaban,,Uzun,2,3,45,274946,660,3508,180,5509,75,0,0,274946,2,0,116021,0,3,0,1,21,0,0,2,5708,0,83,160602,21
,,,101,1,0,268315,9,9522,162,5700,75,0,1,40835,2,1,116033,3,1,0,0,18,0,0,2,5703,0,87,160172,1
,,,2,3,45,278255,225,1526,175,5511,75,0,0,26541,2,3,116034,1,6,0,0,18,0,0,2,5520,0,82,161056,0
,,,101,2,0,268323,9,7032,173,5704,75,0,1,40835,2,1,116035,3,3,0,0,18,0,0,2,5566,0,87,159236,1
,,,2,0,4,268320,148,2504,176,5527,75,0,0,26540,5,3,116036,1,1,0,0,18,0,0,5,5521,0,81,160237,0
,,,51,9,0,268322,181,2007,181,5511,75,0,0,26543,2,0,116037,1,7,0,0,18,0,0,2,5520,0,82,160208,0
,,,51,8,0,250250,181,525,176,5511,75,0,0,26537,2,0,116038,6,1,1,0,18,0,0,2,5522,0,81,160272,6
,,,2,5,6,272779,243,1526,178,5511,75,0,0,26540,1,3,116039,2,1,0,0,18,0,0,1,5506,0,81,160780,6
,,,101,21,0,268324,53,9501,174,5527,75,1,1,40754,2,0,116040,5,4,0,0,18,0,0,4,5704,0,87,158595,6
,,,2,19,4,269234,190,57,175,5511,75,0,0,26543,2,0,116042,0,7,0,0,18,0,0,2,5728,0,82,160949,5
,,,51,23,45,275408,101,4014,178,5511,75,0,0,26543,3,0,116044,2,7,0,0,18,0,0,3,5510,0,82,160602,8
Joe,,Montemurro,2,3,4,271643,207,2517,177,5557,75,0,0,271643,2,0,116280,0,1,0,1,195,0,0,2,5505,0,81,160237,5
,,,51,23,4,272903,321,532,179,5511,75,0,0,26539,4,0,116295,1,1,0,0,58,0,0,4,5566,0,83,160746,23
,,,101,4,0,268388,623,9002,167,5511,75,1,1,40879,2,0,116300,5,5,0,0,14,0,0,2,5569,0,89,160251,1
,,,2,3,0,273031,25,3518,193,5511,75,0,0,26544,2,0,116302,1,9,0,0,70,0,0,2,5521,0,86,160794,3
,,,2,9,6,268386,25,4008,175,5554,75,0,0,26538,3,0,116303,6,2,0,0,95,0,0,3,5713,0,83,160390,9
,,,2,5,0,264064,290,47,180,5511,75,0,0,26544,2,0,116304,2,9,0,0,14,0,0,2,5501,0,82,160745,23
,,,51,24,0,268383,16,16,175,5520,75,0,0,26537,2,0,116305,0,1,0,0,95,0,0,2,5522,0,83,160469,9
,,,0,0,0,63118,16,1,180,5500,75,0,0,26537,2,0,116306,0,1,1,0,14,0,0,2,5500,0,86,158960,0
,,,2,3,12,269730,220,4016,188,5510,75,0,0,26541,4,3,116307,0,6,0,0,95,0,0,4,5566,0,84,160579,3
,,,101,1,0,279481,744,5504,173,5527,75,1,1,40888,2,0,116308,4,8,0,0,95,0,0,4,5510,0,87,161119,1
,,,2,22,0,254114,635,3518,185,5511,75,0,0,26540,2,3,116309,6,1,0,0,19,0,0,2,5522,0,86,161081,23
,,,2,3,4,269911,40,2506,172,5529,75,0,0,26541,2,3,116310,0,6,0,0,45,0,0,2,5508,0,88,160725,3
,,,101,4,0,275975,623,9000,167,5511,75,1,1,40888,2,0,116311,5,8,0,0,14,0,0,4,5704,0,88,160950,1
,,,101,3,0,268392,53,7006,174,5529,75,1,1,40754,2,0,116312,5,4,0,0,14,0,0,4,5525,0,87,160250,6
Jonatan,Jonatan Giráldez,Giráldez Costas,0,0,28,272398,141,29,160,5511,75,0,0,272398,3,0,116325,1,9,1,1,45,0,0,3,5510,0,88,160237,0
José Alberto,Alberto Toril,Toril Rodríguez,2,0,0,112919,85,1501,179,5548,76,1,0,112919,4,0,116326,0,3,0,0,45,0,0,4,5566,0,82,160388,0
Manuel Jesús,Manolo Cano,Cano Martín,2,20,0,272724,293,4006,170,5527,75,1,0,272724,3,4,116327,1,4,0,0,45,0,0,4,5510,0,88,160766,0
David,David Aznar,Aznar Chicharro,51,8,0,276587,141,1539,170,5529,75,0,0,276587,3,0,116328,0,9,0,1,45,0,0,3,5565,0,87,160967,23
María del Mar,María Pry,Fernández Montero,101,3,0,272549,437,7010,169,5555,75,0,1,272549,3,0,116330,3,9,1,1,45,0,0,3,5568,0,89,160967,3
Yerai,Yerai Martín,Martín Ramos,0,23,0,276684,189,3,174,5558,75,0,0,276684,2,0,116331,1,9,0,1,45,0,0,2,5568,0,88,160602,0
José Ángel,José Herrera,Herrera Martín,2,0,14,272548,184,3512,170,5555,75,1,0,272548,3,1,116332,0,5,1,0,45,0,0,4,5568,0,87,160602,0
Jose Luis,Jose Sánchez Vera,Sánchez Vera,2,23,0,272476,0,3513,174,5555,75,1,0,272476,3,4,116333,1,7,1,0,45,0,0,4,5522,0,87,160579,6
Victor,Victor Martín,Martín Alba,0,0,6,274980,0,24,170,5526,75,1,0,274980,2,0,116334,1,3,0,0,45,0,0,5,5568,0,88,160809,0
Natalia,Natalia Arroyo,Arroyo Clavell,101,20,0,272512,168,7008,170,5533,75,1,1,272512,3,0,116336,5,7,1,0,45,0,0,5,5568,0,87,159840,3
Cristian,Cristian Toro,Toro Masperó,2,3,4,272552,137,3,170,5553,75,1,0,272552,3,0,116337,1,4,1,0,52,0,0,4,5568,0,88,159307,23
J. Manuel Iván,Iván Rosado,Rosado Mojarro,2,0,0,279227,671,4010,173,5506,75,0,0,279227,2,0,116338,1,9,0,1,45,0,0,2,5728,0,87,161116,0
Jesús,Jesús Oliva,Oliva,51,23,15,274572,0,4019,170,5510,75,0,0,274572,2,0,116339,1,9,0,1,45,0,0,2,5566,0,88,160795,8
Sara,Sara Monforte,Monforte Mestre,151,23,0,272561,514,9002,168,5527,75,0,1,272561,3,0,116340,5,9,0,1,45,0,0,3,5704,0,87,159141,23
Matt,,Beard,51,8,4,267582,161,68,177,5511,75,0,0,267582,1,0,116343,0,1,0,0,14,0,0,1,5728,0,83,160188,2
,,,2,0,0,249820,116,552,173,5507,75,0,0,26546,4,0,116360,0,9,0,0,167,0,0,4,5567,0,88,160036,3
,,,51,24,0,276893,634,548,175,5520,75,0,0,26546,4,0,116361,0,9,0,0,163,0,0,4,5713,0,82,160954,0
,,,51,23,0,234529,637,4003,180,5532,81,0,0,26540,2,3,116365,0,1,1,0,27,0,0,2,5523,0,82,161103,23
,,,51,22,0,275900,26,2507,172,5707,75,0,0,26538,2,0,116416,1,2,0,0,18,0,0,2,5707,0,87,160951,22
Þorsteinn,,Halldorsson,51,2,4,270677,65,1553,179,5511,75,0,0,270677,1,0,116428,0,1,0,1,24,0,0,1,5566,0,82,160083,8
Thomas,,Gerstner,51,24,3,278246,141,3508,178,5511,75,0,0,278246,3,0,131106,0,1,0,1,21,0,0,3,5713,0,82,160967,9
Fernando,Fernando Estévez,Estévez Martín,51,22,4,276091,648,3516,184,5509,75,0,0,276091,3,0,131110,1,9,0,1,45,0,0,3,5708,0,82,160612,23
Ferrán,Ferrán Cabello,Cabello Bellet,2,0,6,272547,77,1553,170,5552,75,1,0,272547,3,4,131125,0,4,0,0,45,0,0,4,5566,0,89,159506,3
,,,1,3,16,275245,683,17,160,5511,75,0,0,26541,3,3,131173,0,6,0,0,45,0,0,3,5521,0,88,160829,3
,,,101,4,0,275379,432,7006,165,5511,75,1,1,40888,2,0,131219,5,8,0,0,18,0,0,4,5704,0,88,159397,1
Lauren,,Smith,101,13,0,275518,603,9536,163,5511,75,0,1,275518,1,0,131283,4,3,0,1,50,0,0,1,5520,0,88,160228,19
Filipa,Filipa Patão,Santos Patão,101,3,0,275778,433,9531,167,5546,75,0,1,275778,4,0,131358,3,9,0,1,38,0,0,4,5704,0,88,160051,21
Suzanne,,Bakker,104,1,0,276435,433,5500,182,5528,75,0,1,276435,2,0,131359,5,1,0,1,34,0,0,2,5701,0,82,160602,4
Karel,,Piták,2,5,4,276127,102,1550,181,5557,75,0,0,276127,1,0,131360,0,1,0,1,12,0,0,1,5520,0,82,160602,5
Jacqueline,,Dünker,151,4,0,276236,588,9016,163,5704,75,0,1,276236,2,0,131361,4,1,0,1,21,0,0,2,5522,0,88,160786,1
Joel,,Kjetselberg,2,2,12,276467,0,2013,175,5535,75,0,0,276467,2,0,131362,0,1,0,1,46,0,0,2,5715,0,82,160876,2
Leanne,,Ross,101,2,0,276685,915,6512,170,5511,75,0,1,276685,2,0,131363,5,8,0,1,42,0,0,2,5520,0,88,160755,4
Thomas,,Oostendorp,2,19,45,277526,184,4000,180,5511,75,0,0,277526,2,0,131386,0,1,0,1,34,0,0,2,5717,0,82,160968,6
Ivo Ricardo,Ivo Vieira,Abreu Vieira,51,9,6,20633,188,1519,177,5550,76,0,0,20633,3,0,131389,0,3,0,1,38,0,0,3,5524,0,82,161075,0
Roger,Roger Lamesa,Lamesa Grau,0,0,4,276683,176,3512,175,5509,75,0,0,276683,2,0,131391,0,9,0,1,45,0,0,2,5510,0,81,160207,0
,,,51,24,0,249889,150,3503,188,5511,75,0,0,26544,2,0,131447,0,9,0,0,18,0,0,2,5522,0,85,160194,3
,,,0,0,0,63121,16,1,180,5500,75,0,0,26537,2,0,131473,0,1,1,0,14,0,0,2,5500,0,86,158960,0
