discardprice,texturevariationid,assettype,itemid,gameassetid
100,0,2,463,9999
100,0,2,464,1
100,2048,2,465,1
100,1285,2,466,1
100,2056,2,467,1
100,11,2,468,1
100,3855,2,469,1
100,3840,2,470,3
100,0,2,566,579
100,0,2,567,580
100,0,2,568,581
100,0,2,569,575
100,0,2,570,576
100,0,2,571,577
100,0,2,572,578
100,0,2,573,570
100,0,2,574,571
100,0,2,575,572
100,0,2,576,573
100,0,2,577,574
100,0,2,578,592
100,0,2,579,583
100,0,2,580,584
100,0,2,581,585
100,0,2,582,586
100,0,2,583,587
100,0,2,584,588
100,0,2,585,589
100,0,2,586,590
100,0,2,587,591
100,0,5,588,71
100,0,5,589,72
100,0,5,590,75
100,0,5,591,77
100,0,5,592,74
100,0,5,593,73
100,0,5,594,76
200,0,2,709,562
800,0,2,711,566
800,0,2,724,561
800,0,2,731,563
100,0,3,741,9999
100,13,4,743,10
100,0,1,744,11
100,0,7,775,8
100,0,7,776,4
100,0,7,777,5
100,0,7,778,6
100,0,7,779,7
100,0,3,800,0
100,0,3,801,1
100,0,3,802,3
100,0,3,803,4
100,0,3,804,7
100,0,3,805,8
100,0,3,806,9
100,0,3,807,10
100,0,3,808,11
100,0,3,809,12
100,0,3,810,13
100,0,3,811,14
100,0,3,812,15
100,0,3,813,16
100,0,3,814,17
100,0,3,815,18
100,0,3,816,19
100,0,3,817,20
100,0,3,818,21
100,0,3,819,22
100,0,3,820,23
100,0,3,821,24
100,0,3,822,25
100,0,3,823,26
100,0,3,824,28
100,0,3,825,32
100,0,3,826,36
100,0,3,827,37
100,0,3,828,39
100,0,3,829,41
100,0,3,830,43
100,0,3,831,44
100,0,3,832,45
100,0,3,833,46
100,0,3,834,49
100,0,3,835,51
100,0,3,836,52
100,0,3,837,53
100,0,3,838,57
100,0,3,839,58
100,0,3,840,60
100,0,3,841,63
100,0,3,842,64
100,0,3,843,69
100,0,3,844,76
100,0,3,845,82
100,0,3,846,87
100,0,3,847,88
100,0,3,848,94
100,0,3,849,132
100,0,3,850,146
100,0,3,851,273
100,0,3,852,274
100,0,3,853,275
100,0,3,855,277
100,0,3,856,278
100,0,3,857,279
100,0,3,858,280
100,0,3,859,281
100,0,3,860,282
100,0,3,861,283
100,0,3,862,284
100,0,3,863,285
100,0,3,864,286
100,0,3,865,500
100,0,3,866,501
100,0,3,867,503
100,0,3,868,504
100,0,3,869,505
100,0,3,870,506
100,0,3,871,507
100,0,3,872,508
100,0,3,873,515
100,0,3,874,517
100,0,3,875,524
100,0,3,876,525
100,0,3,877,526
100,0,3,878,528
100,0,3,879,532
100,0,3,880,540
100,0,3,881,545
100,0,3,882,546
100,0,3,883,547
100,0,3,884,549
100,0,3,885,550
100,0,3,886,551
100,0,3,887,559
100,0,3,888,560
100,0,3,889,561
100,0,3,890,562
100,0,3,891,563
100,0,3,892,564
100,0,3,893,565
100,0,3,894,572
100,0,3,895,573
100,0,3,896,576
100,0,3,897,577
100,0,3,898,578
100,0,3,899,579
100,0,3,900,580
100,0,3,901,581
100,0,4,998,21
100,0,4,999,999
100,0,4,1000,0
100,0,4,1001,1
100,0,4,1002,2
100,0,4,1003,3
100,0,4,1004,4
100,0,4,1005,5
100,0,4,1006,6
100,0,4,1007,7
100,0,4,1008,8
100,0,4,1009,9
100,0,4,1010,10
100,0,4,1011,11
100,0,4,1012,12
100,0,4,1013,13
100,0,4,1014,14
100,0,4,1015,15
100,0,4,1016,16
100,0,4,1017,17
200,3,1,1019,11
800,0,3,1026,250
800,0,2,1032,606
800,5,1,1038,11
800,7,1,1041,11
100,0,2,1044,596
100,8,1,1048,11
100,0,2,1049,601
100,0,2,1053,600
100,0,2,1056,609
100,0,2,1059,595
100,0,2,1062,612
100,0,2,1066,611
100,0,2,1070,597
100,0,2,1076,599
100,0,2,1082,594
800,0,7,1088,3
100,0,7,1089,1
100,1,1,1113,11
800,0,2,1146,568
800,0,2,1147,565
800,0,2,1148,615
800,0,2,1150,569
800,0,2,1151,614
800,0,2,1152,602
800,0,2,1153,607
100,2,1,1154,11
200,4,1,1155,11
800,6,1,1156,11
100,1,1,1157,12
100,2,1,1158,12
100,3,1,1159,12
800,4,1,1160,12
100,0,1,1162,12
800,0,5,1163,78
800,0,3,1164,254
1600,0,5,1165,79
800,0,3,1166,303
800,0,5,1167,80
1600,0,3,1168,335
100,0,1,1169,4
800,0,3,1175,333
100,0,3,1178,334
800,9,1,1180,11
800,0,3,1181,301
1600,0,3,1182,329
200,0,3,1183,288
800,0,3,1184,315
800,0,3,1187,317
800,0,5,1188,86
800,0,2,1194,999
1600,0,3,1198,336
200,15,1,1199,11
800,0,3,1200,251
800,0,3,1201,304
800,0,3,1202,305
1600,0,3,1203,332
800,0,3,1204,300
100,0,2,1206,582
1600,0,5,1215,87
800,0,3,1224,325
100,0,2,1229,608
1600,0,3,1230,302
800,0,5,1231,81
800,0,2,1232,617
1600,0,3,1238,269
800,0,3,1239,328
800,0,3,1240,316
800,0,2,1250,622
200,12,1,1252,11
800,0,5,1253,90
800,0,3,1254,252
800,0,3,1258,262
800,0,5,1259,82
200,13,1,1260,11
800,0,3,1263,342
800,0,2,1265,623
800,0,5,1266,89
1600,0,3,1268,241
200,11,1,1271,11
800,0,5,1275,91
800,0,5,1278,88
1600,0,3,1279,339
200,0,5,1282,85
800,0,3,1283,330
800,0,3,1284,306
800,0,2,1290,9999
800,0,3,1291,344
1600,0,3,1295,343
800,0,3,1300,347
800,0,3,1302,346
800,0,2,1306,624
800,0,3,1307,345
200,14,1,1313,11
800,0,2,1318,625
800,0,3,1319,348
800,0,3,1320,349
800,0,2,1332,633
800,0,5,1333,92
800,0,3,1334,357
1600,0,3,1335,356
800,0,2,1342,631
1600,0,3,1343,358
800,0,3,1346,340
800,0,3,1351,351
800,0,3,1355,350
800,0,2,1359,632
800,0,5,1363,93
800,0,3,1365,353
800,0,2,1378,634
1600,0,3,1379,9999
100,0,1,1427,3
100,16,1,1436,11
100,17,1,1437,11
100,18,1,1438,11
100,19,1,1439,11
100,20,1,1440,11
100,21,1,1441,11
200,0,2,1442,644
800,0,3,1443,378
1600,0,2,1452,651
400,0,2,1477,653
100,257,2,1478,3
1600,0,2,1480,652
800,0,2,1482,655
100,0,3,1484,385
100,0,3,1485,386
100,0,3,1486,387
100,0,3,1487,389
800,0,3,1488,391
100,0,3,1489,394
1600,0,2,1498,671
1600,0,2,1499,672
800,0,2,1500,673
800,0,2,1501,674
100,0,5,1541,104
100,0,5,1542,105
100,0,5,1543,106
100,0,5,1544,107
100,0,5,1545,108
100,0,5,1546,109
100,0,5,1547,110
100,0,5,1548,111
100,0,5,1549,87
100,0,5,1550,113
800,0,3,1551,342
800,0,3,1552,342
800,0,3,1553,9999
100,0,3,1554,9999
100,0,3,1555,9999
800,0,3,1556,393
800,0,3,1558,397
100,0,3,1559,398
800,0,3,1561,400
800,0,3,1562,401
200,25,1,1564,11
1600,0,2,1565,667
1600,0,2,1569,9999
1600,0,2,1570,679
200,0,5,1701,112
1600,0,2,1702,663
1600,0,2,1703,664
800,0,3,1710,396
1600,0,2,1711,656
100,0,3,1715,399
800,0,3,1717,395
800,0,2,1774,654
800,0,2,1775,665
800,0,2,1776,666
800,0,2,1777,681
800,0,3,1787,412
800,0,3,1788,413
800,0,3,1789,420
800,0,2,1790,657
800,0,2,1791,683
800,0,2,1796,616
1600,0,2,1825,684
800,0,5,1850,119
800,0,5,1851,121
800,0,5,1852,122
400,0,1,1854,122015
400,0,1,1855,122020
400,0,1,1856,122025
400,0,1,1857,122030
400,0,1,1858,122035
400,0,1,1859,122120
400,0,1,1860,122130
400,0,1,1861,122150
400,0,1,1862,122170
400,0,1,1863,122175
400,0,1,1864,122190
400,0,1,1865,122200
400,0,1,1866,122205
400,0,1,1867,122225
800,0,1,1868,422025
800,0,1,1869,422030
800,0,1,1870,422045
800,0,1,1871,422050
800,0,1,1872,422055
400,0,1,1873,422060
800,0,1,1874,422070
800,0,1,1875,422075
800,0,1,1876,422105
800,0,1,1877,422120
400,0,1,1878,122000
800,0,1,1879,122055
800,0,1,1880,122070
400,0,1,1881,122075
400,0,1,1882,122105
400,0,1,1883,422000
100,1,1,1884,122120
200,1,1,1885,122170
100,1,1,1886,122190
200,1,1,1887,122200
200,1,1,1888,122205
200,2,1,1890,122170
200,2,1,1891,122190
200,2,1,1892,122200
200,2,1,1893,122205
200,3,1,1894,122120
200,3,1,1895,122170
100,3,1,1896,122190
200,4,1,1899,122120
200,4,1,1900,122170
100,4,1,1901,122190
200,4,1,1902,122200
100,5,1,1903,122120
200,5,1,1904,122170
200,5,1,1905,122190
200,5,1,1906,122200
200,6,1,1907,122190
100,7,1,1908,122190
200,1,1,1909,422025
200,1,1,1910,422050
200,1,1,1913,422105
200,2,1,1914,422025
200,2,1,1915,422050
200,2,1,1918,422105
100,3,1,1919,422025
200,3,1,1920,422050
100,3,1,1921,422060
200,3,1,1922,422075
200,3,1,1923,422105
100,4,1,1924,422025
200,4,1,1925,422050
200,4,1,1927,422075
200,5,1,1930,422050
100,5,1,1932,422075
200,5,1,1933,422105
200,6,1,1934,122170
200,8,1,1936,122170
200,8,1,1937,122190
200,9,1,1938,122190
200,6,1,1939,422050
200,6,1,1940,422060
200,7,1,1941,422050
200,0,1,1944,122040
800,0,5,1945,1
1600,0,5,1946,1
200,0,1,1947,422015
200,0,1,1952,422020
200,0,1,1954,422120
200,0,1,1955,422135
200,0,1,1956,422140
200,0,2,1957,725
200,0,2,1958,726
200,0,2,1959,727
200,0,2,1960,728
200,0,2,1961,729
200,0,2,1962,730
100,1,1,1963,122025
200,2,1,1964,122025
100,3,1,1965,122025
200,4,1,1966,122025
200,6,1,1968,122025
200,1,1,1969,122030
200,10,1,1970,122030
200,2,1,1971,122030
100,3,1,1972,122030
100,4,1,1973,122030
200,5,1,1974,122030
200,6,1,1975,122030
100,7,1,1976,122030
200,8,1,1977,122030
100,9,1,1978,122030
100,2,1,1980,122035
100,4,1,1982,122035
200,5,1,1983,122035
200,0,1,1984,122045
200,0,1,1985,122050
200,0,1,1986,122055
200,0,1,1987,122110
200,0,1,1988,122115
200,0,1,1989,122155
200,0,1,1990,122165
200,10,1,1991,122190
200,0,1,1993,122195
200,6,1,1994,122200
200,8,1,1996,122200
200,5,1,1998,122205
100,7,1,2000,122205
200,8,1,2001,122205
200,0,1,2003,122220
100,0,4,2007,20
100,0,3,2008,203
100,0,3,2009,261
100,0,3,2010,276
100,0,3,2011,418
100,0,3,2012,419
100,0,3,2013,421
100,0,3,2014,423
100,0,3,2015,424
100,0,3,2016,425
100,0,3,2017,426
100,0,3,2018,427
100,0,3,2019,431
100,0,3,2020,432
100,0,3,2021,434
100,0,3,2022,435
100,0,3,2023,436
100,0,3,2024,437
100,0,3,2025,444
100,0,3,2026,448
100,0,3,2028,534
100,0,9,2029,1
100,0,9,2030,2
100,0,9,2031,3
800,0,2,2032,662
400,0,2,2033,851
200,1,1,2034,422125
400,0,2,2035,724
100,0,2,2036,731
100,0,2,2037,732
100,0,2,2038,733
100,0,2,2039,734
100,0,2,2040,735
100,0,2,2041,736
100,0,2,2042,737
800,0,2,2043,739
200,0,2,2044,740
100,1,1,2045,122000
100,2,1,2046,122000
100,3,1,2047,122000
100,4,1,2048,122000
100,5,1,2049,122000
100,10,1,2050,122025
200,11,1,2051,122025
100,7,1,2052,122025
100,8,1,2053,122025
200,1,1,2055,122050
100,0,1,2056,122060
100,0,1,2057,122065
400,1,1,2058,122065
100,7,1,2060,122070
100,1,1,2061,122105
100,2,1,2062,122105
100,7,1,2067,122120
100,0,1,2068,122125
200,1,1,2069,122125
200,2,1,2070,122125
200,3,1,2071,122125
200,4,1,2072,122125
100,0,1,2073,122135
100,0,1,2074,122140
200,1,1,2075,122165
100,0,1,2076,122180
200,12,1,2077,122190
200,14,1,2078,122190
200,1,1,2079,122195
200,2,1,2080,122195
100,0,1,2081,122210
200,7,1,2082,122210
200,8,1,2083,122210
100,0,1,2084,122215
800,1,1,2085,122215
100,0,1,2086,122245
100,0,1,2087,122250
800,1,1,2088,422005
100,0,1,2089,422010
100,1,1,2090,422010
100,3,1,2092,422010
100,4,1,2093,422010
100,5,1,2094,422010
200,5,1,2097,422015
200,6,1,2098,422015
200,7,1,2099,422015
200,8,1,2100,422015
200,9,1,2105,422060
100,0,1,2106,422065
100,0,1,2107,422110
100,0,1,2108,422115
100,1,1,2109,422120
100,2,1,2110,422120
100,3,1,2111,422120
100,4,1,2112,422120
100,5,1,2113,422120
100,0,1,2114,422125
100,6,1,2115,422125
100,7,1,2116,422125
100,8,1,2117,422125
100,0,1,2118,422130
100,0,1,2119,422145
100,0,3,2121,27
100,0,3,2122,433
100,0,3,2123,438
100,0,3,2124,441
100,0,3,2125,442
100,0,3,2126,443
100,0,3,2127,445
100,0,3,2128,446
800,0,3,2129,447
100,0,3,2130,450
100,0,3,2131,451
100,0,3,2132,452
200,0,3,2133,454
100,0,3,2134,457
100,0,3,2135,459
100,0,3,2136,460
100,0,3,2137,461
100,0,3,2138,462
100,0,3,2139,463
800,0,3,2140,464
100,0,3,2141,48
800,0,5,2142,1
800,0,5,2143,1
1600,0,5,2144,1
800,0,1,2200,101550
100,13,1,2201,101901
100,14,1,2202,101901
100,15,1,2203,101901
100,16,1,2204,101901
400,26,1,2205,102000
400,27,1,2206,102000
800,9,1,2207,200105
1600,10,1,2208,200105
800,11,1,2209,200105
800,7,1,2210,200403
200,45,1,2211,300800
800,53,1,2212,400500
800,54,1,2213,400500
800,55,1,2214,400500
800,56,1,2215,400500
200,57,1,2216,400500
1600,58,1,2217,400500
800,59,1,2218,400500
800,60,1,2219,400500
800,5,1,2220,400601
800,6,1,2221,400601
800,19,1,2222,400603
200,20,1,2223,400603
200,22,1,2224,400603
100,23,1,2225,400603
100,24,1,2226,400603
100,25,1,2227,400603
100,26,1,2228,400603
800,5,1,2229,401520
800,3,1,2230,401545
200,0,1,2231,401555
800,0,1,2232,401575
800,0,3,2233,402
800,0,3,2234,9999
800,0,3,2235,404
800,0,3,2236,405
800,0,3,2237,406
800,0,3,2238,407
800,0,3,2239,408
800,0,3,2240,409
800,0,3,2241,410
800,0,5,2242,114
800,0,5,2243,115
800,0,5,2244,116
800,0,5,2245,117
800,0,5,2246,118
800,0,1,2247,101560
1600,0,1,2248,101565
400,2,1,2249,101447
800,2,1,2251,101448
400,3,1,2252,101448
400,8,1,2253,101430
400,17,1,2254,101430
400,25,1,2255,101430
400,26,1,2256,101430
400,27,1,2257,101430
400,28,1,2258,101430
400,29,1,2259,101430
400,30,1,2260,101430
400,31,1,2261,101430
400,32,1,2262,101430
400,33,1,2263,101430
400,34,1,2264,101430
400,35,1,2265,101430
800,1,1,2266,101520
1600,8,1,2267,200403
400,3,1,2268,101447
400,0,1,2269,401570
1600,0,2,2270,680
800,1,1,2271,401570
200,2,1,2272,101515
800,2,1,2273,401545
800,1,1,2274,101470
800,43,1,2275,300800
800,11,1,2276,400603
1600,6,1,2277,200403
800,19,1,2278,400400
1600,2,1,2279,101475
200,50,1,2280,100600
800,17,1,2281,400400
200,28,1,2282,300800
800,16,1,2283,400400
200,11,1,2284,400400
800,0,2,2285,677
800,0,2,2286,676
800,0,2,2287,9999
1600,0,2,2288,9999
1600,0,2,2289,9999
1600,0,2,2290,9999
800,36,1,2291,100900
1600,0,1,2292,401560
1600,0,1,2293,100900
1600,1,1,2294,101447
1600,0,2,2295,621
200,0,2,2297,618
400,0,2,2298,603
200,0,11,2400,1497
200,0,11,2401,1498
200,0,11,2402,1362
200,0,11,2403,1363
200,0,11,2404,1449
200,0,11,2405,1450
200,0,11,2406,1410
200,0,11,2407,1411
200,0,11,2408,1380
200,0,11,2409,1381
200,0,11,2410,1360
200,0,11,2411,1361
200,0,11,2412,1354
200,0,11,2413,1355
200,0,11,2414,1489
200,0,11,2415,1490
200,0,11,2416,12210
200,0,11,2417,12178
200,0,11,2418,12202
200,0,11,2419,12214
200,0,11,2420,12194
200,0,11,2421,12206
200,0,11,2422,12212
200,0,11,2423,12190
200,0,11,2424,12204
200,0,11,2425,12182
200,0,11,2426,12196
200,0,11,2427,12180
200,0,11,2428,12188
200,0,11,2429,12200
200,0,11,2430,12208
200,0,11,2431,12216
200,0,11,2432,12186
200,0,11,2433,12192
100,0,11,2434,12184
200,0,11,2435,12198
200,0,11,2436,10347
200,0,11,2437,10348
200,0,11,2438,10349
200,0,11,2439,10350
200,0,11,2440,1372
200,0,11,2441,1373
200,0,11,2442,1400
200,0,11,2443,1401
100,0,9,2500,4
100,0,9,2501,5
100,0,3,6700,486
100,0,3,6701,485
100,0,3,6702,484
100,0,3,6703,483
100,0,3,6704,482
100,0,3,6705,481
100,0,3,6706,480
100,0,3,6707,479
100,0,3,6708,478
100,0,3,6709,477
100,0,3,6710,476
100,0,3,6711,475
100,0,3,6712,474
100,0,3,6713,473
100,0,3,6714,472
100,0,3,6715,471
100,0,3,6716,470
100,0,3,6717,469
100,0,3,6718,468
100,0,3,6719,487
100,0,3,6720,488
100,0,3,6721,489
100,0,3,6722,490
100,0,3,6723,491
800,0,3,6724,467
200,0,3,6725,466
800,0,3,6726,465
100,0,3,6727,381
100,0,3,6728,376
100,0,3,6729,375
100,0,3,6730,374
100,0,3,6732,255
100,0,3,6733,184
100,0,3,6734,182
100,0,3,6735,179
100,0,3,6736,171
100,0,3,6737,169
100,0,3,6738,163
100,0,3,6739,162
100,0,3,6740,111
100,0,3,6741,110
100,0,3,6742,101
200,9,1,6743,422125
100,5,1,6744,422125
100,4,1,6745,422125
100,3,1,6746,422125
100,2,1,6747,422125
800,6,1,6748,422120
400,6,1,6749,422105
200,11,1,6750,422060
400,10,1,6751,422060
200,6,1,6752,422055
200,5,1,6753,422055
200,4,1,6754,422055
800,1,1,6755,422030
200,9,1,6756,422015
200,10,1,6757,422015
400,9,1,6758,422010
400,8,1,6759,422010
400,2,1,6760,422005
800,3,1,6761,122260
800,2,1,6762,122260
1600,0,1,6764,122260
1600,3,1,6765,122255
1600,2,1,6766,122255
1600,1,1,6767,122255
1600,0,1,6768,122255
1600,3,1,6769,122240
1600,2,1,6770,122240
1600,1,1,6771,122240
1600,0,1,6772,122240
200,0,1,6773,122235
800,3,1,6774,122230
800,2,1,6775,122230
800,1,1,6776,122230
800,0,1,6777,122230
400,4,1,6778,122225
200,9,1,6779,122210
200,5,1,6780,122210
200,4,1,6781,122210
200,3,1,6782,122210
200,2,1,6783,122210
200,10,1,6784,122210
200,1,1,6785,122210
400,9,1,6786,122200
200,16,1,6787,122190
400,15,1,6788,122190
400,1,1,6789,122135
200,6,1,6791,122125
200,5,1,6792,122125
800,8,1,6793,122120
800,1,1,6794,122115
100,5,1,6795,122110
200,3,1,6797,122110
100,2,1,6798,122110
100,1,1,6799,122110
100,5,1,6800,122070
100,3,1,6802,122070
100,2,1,6803,122070
100,1,1,6804,122070
200,12,1,6805,122025
800,1,1,6806,122020
800,1,1,6807,122005
100,0,2,6808,750
100,0,2,6809,749
100,0,2,6810,748
100,0,2,6811,747
100,0,2,6812,746
800,0,2,6817,741
100,0,2,6818,716
100,0,2,6819,715
100,0,2,6820,714
100,0,2,6821,713
100,0,2,6822,712
100,0,2,6823,711
100,0,2,6824,710
100,0,2,6825,709
100,0,2,6826,708
100,0,2,6827,707
100,0,2,6828,705
100,0,2,6829,704
100,0,2,6830,703
100,0,2,6831,701
100,0,2,6832,700
100,0,2,6833,699
100,0,2,6834,697
100,0,2,6835,695
100,0,2,6836,694
100,0,2,6837,693
100,0,2,6838,692
100,0,2,6839,690
100,0,2,6840,689
100,0,2,6841,688
100,0,2,6842,687
100,0,3,6843,492
100,0,2,6844,691
100,17,1,6845,122190
100,0,2,6846,560
100,10,1,6847,422125
100,0,3,6848,124
100,0,3,6849,54
100,0,3,6850,33
100,0,3,6851,133
100,0,3,6852,123
100,0,3,6853,30
100,0,3,6854,65
100,0,3,6855,582
100,0,3,6856,583
100,0,3,6857,584
100,0,3,6858,5
100,0,3,6859,56
100,0,3,6860,77
100,0,3,6861,79
100,0,3,6862,115
100,0,3,6863,140
100,0,3,6864,141
100,0,3,6865,226
100,0,3,6866,227
100,0,3,6867,202
100,0,3,6868,235
100,0,3,6870,643
100,0,3,6871,220
100,0,3,6872,245
100,0,3,6873,199
100,0,3,6874,208
100,0,3,6875,243
100,0,3,6876,224
100,0,3,6877,646
100,0,3,6878,647
100,0,2,6879,550
100,0,2,6880,552
100,0,2,6881,553
100,0,2,6882,554
100,0,2,6883,556
100,0,2,6884,558
100,0,2,6892,645
100,0,2,6893,649
800,6,1,6894,122120
800,7,1,6895,122170
800,7,1,6896,122200
200,3,1,6897,422015
200,6,1,6898,122210
200,2,1,6899,122225
200,1,1,6900,122225
200,1,1,6901,422015
200,2,1,6902,422015
800,3,1,6903,122225
400,11,1,6904,122190
400,0,3,6905,453
200,8,1,6906,422050
800,8,1,6907,422025
800,0,5,6908,1
800,1,1,6910,122260
200,7,1,6911,122125
400,4,1,6912,422015
1600,0,5,6931,1
200,10,1,6932,422050
800,0,3,6933,493
800,0,5,6934,1
800,0,5,6935,1
800,2,1,6936,122290
200,1,1,6937,422155
200,1,1,6938,122300
1600,1,1,6939,122295
800,2,1,6940,122295
800,3,1,6941,122295
1600,3,1,6942,122290
1600,1,1,6943,122290
200,9,1,6958,122125
200,18,1,6959,122190
400,2,1,6960,122055
200,13,1,6961,122190
800,2,1,6962,122215
400,2,1,6963,122040
200,8,1,6964,122125
400,13,1,6965,422125
400,14,1,6966,422125
800,3,1,6967,122040
400,12,1,6968,422125
800,8,1,6969,422055
200,1,1,6970,122140
200,11,1,6971,122030
200,11,1,6972,422125
400,7,1,6973,422055
400,1,1,6974,122055
400,12,1,6975,422015
200,0,3,6976,807
200,20,1,6977,122190
400,3,1,6978,122055
400,13,1,6979,422015
200,3,1,6980,122010
400,2,1,6981,122010
400,12,1,6982,422060
400,1,1,6983,122075
200,1,1,6984,422070
400,13,1,6985,422060
800,2,1,6986,122020
400,0,2,6987,751
200,9,1,6988,122170
800,2,1,6989,422030
200,0,3,6990,95
100,0,3,6991,233
400,0,3,6992,266
100,0,3,6993,494
1600,4,1,6994,122040
400,5,1,6995,122040
200,22,1,6996,122190
800,21,1,6997,122190
200,9,1,6998,422055
400,15,1,6999,422125
200,8,1,7000,122040
800,9,1,7001,122040
400,24,1,7002,122190
400,25,1,7003,122190
200,19,1,7004,422125
400,20,1,7005,422125
200,0,2,7006,752
800,2,1,7007,122140
400,3,1,7008,122215
1600,4,1,7009,122260
200,11,1,7010,422050
200,7,1,7011,422120
400,3,1,7012,122165
400,1,1,7013,122250
200,1,1,7014,422130
200,0,2,7015,753
200,0,3,7016,808
800,11,1,7017,122125
200,10,1,7018,122170
400,23,1,7019,122190
200,1,1,7020,422135
800,6,1,7021,122040
800,7,1,7022,122040
800,12,1,7023,122125
800,13,1,7024,122125
400,14,1,7025,422015
400,16,1,7026,422125
400,17,1,7027,422125
400,18,1,7028,422125
800,0,5,7029,1
800,0,5,7030,1
800,0,5,7031,1
800,1,1,7032,122305
800,3,1,7033,122305
800,2,1,7034,122305
800,1,1,7035,422160
800,3,1,7036,422160
800,2,1,7037,422160
1600,0,3,7038,495
1600,0,3,7039,497
1600,0,3,7040,498
100,6,1,7051,122140
100,0,5,7056,1
100,6,1,7059,122195
100,3,1,7061,422155
100,5,1,7063,422155
100,6,1,7064,422155
100,43,1,7078,122190
100,3,1,7084,122280
100,18,1,7085,422015
100,20,1,7087,422015
100,21,1,7088,422015
100,1,1,7093,422110
100,3,1,7095,422110
100,31,1,7098,422125
100,32,1,7099,422125
100,0,6,7100,150
100,0,6,7101,152
100,0,6,7102,300
100,0,6,7103,305
100,1280,2,7105,0
100,3843,2,7106,0
100,3341,2,7107,0
100,3598,2,7108,0
100,0,2,7109,757
800,0,2,7115,763
800,0,2,7116,764
800,0,2,7117,765
800,0,2,7118,766
100,14,1,7119,122025
100,1,1,7126,123005
200,0,4,7130,31
200,0,4,7135,30
800,0,3,7136,810
800,0,3,7137,811
800,0,3,7138,815
800,0,3,7139,816
200,0,3,7140,817
200,0,3,7141,823
200,0,3,7142,824
100,0,3,7143,825
100,0,3,7144,827
100,0,3,7145,831
100,0,3,7146,832
800,0,5,7147,150
800,0,5,7150,153
800,0,5,7159,162
800,0,5,7160,163
800,0,5,7161,164
800,0,5,7162,165
800,0,5,7163,166
800,0,5,7164,167
800,0,5,7165,168
800,0,5,7166,169
800,0,5,7168,171
800,0,5,7169,172
800,0,5,7170,173
800,0,5,7171,174
800,0,5,7172,175
200,0,6,7173,310
800,0,12,7201,6001
800,0,12,7202,6002
800,0,12,7203,6003
800,0,12,7204,6004
800,0,12,7205,6005
800,0,12,7206,6006
800,0,12,7207,6007
800,0,12,7208,6008
800,0,12,7209,6009
800,0,12,7210,6010
800,0,12,7211,6011
800,0,12,7212,6012
800,0,12,7213,6013
800,0,12,7214,6014
800,0,12,7215,6015
800,0,12,7216,6016
800,0,12,7217,6000
800,0,12,7218,6017
800,0,12,7219,6018
800,0,12,7220,6019
800,0,12,7221,6020
800,0,12,7222,6021
800,0,12,7223,6022
800,0,12,7224,6023
800,0,12,7225,6024
800,0,12,7226,6025
800,0,12,7227,6026
800,0,12,7228,6027
800,0,12,7229,6028
800,0,12,7230,6029
800,0,12,7231,6030
800,0,12,7232,6031
800,0,12,7233,6032
100,0,2,7300,16
100,0,2,7301,17
100,0,2,7302,20
100,0,2,7303,21
100,0,2,7304,22
100,0,2,7305,23
100,0,2,7306,24
100,0,2,7307,25
100,0,2,7308,26
100,0,2,7309,27
100,0,2,7310,28
100,0,2,7311,29
100,0,2,7312,30
100,0,2,7313,31
100,0,2,7314,32
100,0,2,7315,33
100,0,2,7316,36
100,0,2,7317,37
100,0,2,7318,38
100,0,2,7319,39
100,0,2,7320,40
100,0,2,7321,41
100,0,2,7322,42
100,0,2,7323,43
100,0,2,7324,44
100,0,2,7325,45
100,0,2,7326,46
100,0,2,7327,47
100,0,2,7328,48
100,0,2,7329,49
100,0,2,7330,50
100,0,2,7331,51
100,0,2,7332,52
100,0,2,7333,53
100,0,2,7334,54
100,0,2,7335,55
100,0,2,7336,56
100,0,2,7337,57
100,0,2,7338,58
100,0,2,7339,59
100,0,2,7340,60
100,0,2,7341,61
100,0,2,7342,62
100,0,2,7343,63
100,0,2,7344,64
100,0,2,7345,65
100,0,2,7346,68
100,0,2,7347,69
100,0,2,7348,70
100,0,2,7349,71
100,0,2,7350,72
100,0,2,7351,73
100,0,2,7352,74
100,0,2,7353,75
100,0,2,7354,76
100,0,2,7355,77
100,0,2,7356,78
100,0,2,7357,79
100,0,2,7358,80
100,0,2,7359,81
100,0,2,7360,82
100,0,2,7361,83
100,0,2,7362,84
100,0,2,7363,85
100,0,2,7364,88
100,0,2,7365,89
100,0,2,7366,90
100,0,2,7367,91
100,0,2,7368,92
100,0,2,7369,93
100,0,2,7370,94
100,0,2,7371,95
100,0,2,7372,96
100,0,2,7373,97
100,0,2,7374,98
100,0,2,7375,99
100,0,2,7376,100
100,0,2,7377,101
100,0,2,7378,102
100,0,2,7379,103
100,0,2,7380,104
100,0,2,7381,105
100,0,2,7382,106
100,0,2,7383,107
100,0,2,7384,130
100,0,2,7385,131
100,0,2,7386,132
100,0,2,7387,133
100,0,2,7388,134
100,0,2,7389,135
100,0,2,7390,136
100,0,2,7391,137
100,0,2,7392,140
100,0,2,7393,142
100,0,2,7394,143
100,0,2,7395,144
100,0,2,7396,145
100,0,2,7397,146
100,0,2,7398,147
100,0,2,7399,148
100,0,2,7400,149
100,0,2,7401,150
100,0,2,7402,151
100,0,2,7403,152
100,0,2,7404,153
100,0,2,7405,154
100,0,2,7406,155
100,0,2,7407,156
100,0,2,7408,157
100,0,2,7409,158
100,0,2,7410,159
100,0,2,7411,160
100,0,2,7412,161
100,0,2,7413,162
100,0,2,7414,163
100,0,2,7415,164
100,0,2,7416,165
100,0,2,7417,166
100,0,2,7418,167
100,0,2,7419,168
100,0,2,7420,169
100,0,2,7421,170
100,0,2,7422,171
100,0,2,7423,172
100,0,2,7424,173
100,0,2,7425,174
100,0,2,7426,175
100,0,2,7427,176
100,0,2,7428,177
100,0,2,7429,178
100,0,2,7430,179
100,0,2,7431,180
100,0,2,7432,181
100,0,2,7433,182
100,0,2,7434,183
100,0,2,7435,184
100,0,2,7436,185
100,0,2,7437,186
100,0,2,7438,187
100,0,2,7439,188
100,0,2,7440,189
100,0,2,7441,190
100,0,2,7442,191
100,0,2,7443,192
100,0,2,7444,193
100,0,2,7445,194
100,0,2,7446,195
100,0,2,7447,196
100,0,2,7448,197
100,0,2,7449,198
100,0,2,7450,199
100,0,2,7451,200
100,0,2,7452,201
100,0,2,7453,202
100,0,2,7454,203
100,0,2,7455,204
100,0,2,7456,205
100,0,2,7457,206
100,0,2,7458,207
100,0,2,7459,208
100,0,2,7460,209
100,0,2,7461,210
100,0,2,7462,211
100,0,2,7463,212
100,0,2,7464,213
100,0,2,7465,214
100,0,2,7466,215
100,0,2,7467,216
100,0,2,7468,217
100,0,2,7469,218
100,0,2,7470,219
100,0,2,7471,220
100,0,2,7472,221
100,0,2,7473,222
100,0,2,7474,223
100,0,2,7475,224
100,0,2,7476,225
100,0,2,7477,226
100,0,2,7478,227
100,0,2,7479,228
100,0,2,7480,229
100,0,2,7481,230
100,0,2,7482,231
100,0,2,7483,232
100,0,2,7484,233
100,0,2,7485,234
100,0,2,7486,235
100,0,2,7487,236
100,0,2,7488,237
100,0,2,7489,238
100,0,2,7490,239
100,0,2,7491,240
100,0,2,7492,241
100,0,2,7493,242
100,0,2,7494,300
100,0,2,7495,301
100,0,2,7496,302
100,0,2,7497,303
100,0,2,7498,304
100,0,2,7499,305
100,0,2,7500,306
100,0,2,7501,307
100,0,2,7502,308
100,0,2,7503,309
100,0,2,7504,310
100,0,2,7505,311
100,0,2,7506,312
100,0,2,7507,313
100,0,2,7508,500
100,0,2,7509,501
100,0,2,7510,502
100,0,2,7511,503
200,0,2,7512,504
200,0,2,7513,505
200,0,2,7514,506
200,0,2,7515,507
200,0,2,7516,508
200,0,2,7517,509
200,0,2,7518,510
200,0,2,7519,511
200,0,2,7520,512
200,0,2,7521,513
200,0,2,7522,514
200,0,2,7523,515
200,0,2,7524,516
200,0,2,7525,517
200,0,2,7526,518
200,0,2,7527,519
200,0,2,7528,520
200,0,2,7529,521
200,0,2,7530,522
200,0,2,7531,523
200,0,2,7532,524
200,0,2,7534,525
200,0,2,7535,526
200,0,2,7536,527
200,0,2,7537,528
200,0,2,7538,529
200,0,2,7539,530
200,0,2,7540,531
200,0,2,7541,532
200,0,2,7542,533
200,0,2,7543,534
200,0,2,7544,535
200,0,2,7545,547
200,0,2,7546,548
200,0,2,7547,549
200,0,4,7556,32
200,0,4,7557,33
800,0,5,7559,177
800,0,5,7560,178
800,0,5,7561,183
100,0,3,7562,818
100,1,6,7568,300
100,0,3,7569,819
800,0,6,7570,315
100,2,6,7571,300
100,3,6,7572,300
200,1,6,7573,305
100,0,3,7574,820
100,0,3,7575,821
100,0,3,7576,822
100,0,3,7577,826
100,0,3,7578,834
1600,0,3,7579,838
200,0,3,7580,839
200,0,3,7581,840
100,3,6,7582,150
100,4,6,7583,150
100,5,6,7584,150
800,0,6,7590,151
800,0,6,7591,154
800,0,1,7592,122251
800,0,1,7593,422161
800,0,6,7594,156
100,2313,2,7600,3
100,2570,2,7601,3
100,15,2,7602,3
100,2831,2,7603,3
100,2816,2,7604,2
100,1028,2,7605,2
100,1542,2,7606,2
100,2827,2,7607,2
100,3851,2,7608,2
100,3084,2,7609,2
200,0,12,7610,2
200,0,5,7611,193
200,0,5,7612,194
200,0,5,7613,195
200,0,5,7614,196
200,0,5,7615,197
200,0,5,7616,198
200,0,5,7617,199
200,0,5,7618,202
800,15,1,7646,122040
800,10,1,7647,122195
200,18,1,7648,122025
200,16,1,7649,422050
800,1,6,7650,154
800,2,6,7651,154
200,2,6,7652,305
200,3,6,7653,305
800,2,1,7654,122175
800,5,1,7655,122215
800,2,1,7656,122275
800,19,1,7657,422060
800,9,1,7658,422120
800,0,5,7659,179
800,0,5,7660,180
800,0,5,7661,181
200,0,5,7662,190
200,0,5,7663,191
200,0,5,7664,192
200,0,5,7665,184
800,0,5,7666,185
1600,0,5,7667,186
800,0,5,7668,182
200,0,5,7669,187
800,0,5,7670,188
1600,0,5,7671,189
200,0,5,7672,200
200,0,5,7673,201
200,23,1,7674,122030
800,3,1,7675,122275
200,20,1,7676,422060
200,7,1,7677,422030
200,6,1,7678,123005
800,8,1,7679,122035
100,0,1,7680,122310
200,0,1,7681,122315
800,0,1,7682,123015
800,0,1,7683,423010
800,0,2,7684,620
800,0,6,7685,320
100,0,3,7686,833
800,0,3,7687,835
100,0,3,7688,836
100,0,3,7689,837
800,0,3,7690,841
800,0,3,7691,842
100,0,3,7692,843
800,0,3,7693,844
100,0,3,7694,845
200,0,3,7695,848
200,0,4,7696,34
200,0,3,7698,881
200,0,3,7699,882
200,0,3,7700,883
200,0,3,7701,884
200,0,3,7703,886
200,0,3,7704,887
200,0,3,7705,888
200,0,3,7706,889
200,0,3,7707,890
800,0,3,7708,849
800,0,3,7709,850
800,0,3,7710,851
800,0,3,7711,852
800,0,3,7712,853
800,0,3,7713,854
800,0,3,7714,855
800,0,3,7715,856
800,0,3,7716,857
800,0,3,7717,858
800,0,3,7718,859
800,0,3,7719,860
800,0,3,7720,861
800,0,3,7721,862
800,0,3,7722,863
800,0,3,7723,864
800,0,3,7724,865
800,0,3,7725,866
800,0,3,7726,867
800,0,3,7727,868
800,0,3,7728,869
800,0,3,7729,870
800,0,3,7730,871
800,0,3,7731,873
800,0,3,7732,874
800,0,3,7733,875
800,0,3,7734,876
800,0,3,7735,877
800,0,3,7736,878
800,0,3,7737,872
800,0,3,7738,879
800,0,3,7739,880
200,0,3,7740,950
200,0,3,7741,951
200,0,3,7742,952
200,0,3,7743,953
200,0,3,7744,954
200,0,3,7745,955
200,0,3,7746,956
200,0,3,7747,957
200,0,3,7748,958
200,0,3,7749,959
200,0,3,7750,960
200,0,3,7751,961
200,0,3,7752,962
200,0,3,7753,963
200,0,3,7754,964
200,0,3,7755,965
200,0,3,7756,966
200,0,3,7757,967
200,0,3,7758,968
200,0,3,7759,969
200,0,3,7760,970
200,0,3,7761,971
200,0,3,7762,972
200,0,3,7763,973
200,0,3,7764,974
200,0,3,7765,975
200,0,3,7766,976
200,0,3,7767,977
200,0,3,7768,978
200,0,3,7769,979
200,0,3,7770,980
200,0,3,7771,981
200,0,3,7772,982
200,0,3,7773,983
200,0,3,7774,984
200,0,3,7775,985
200,0,3,7776,986
200,0,3,7777,987
200,0,3,7778,988
200,0,3,7779,989
200,0,3,7780,990
200,0,3,7781,991
200,0,3,7782,992
200,0,3,7783,993
200,0,3,7784,994
200,0,3,7785,995
200,0,3,7786,996
200,0,3,7787,997
200,0,3,7788,998
200,0,3,7789,999
200,0,3,7790,1000
200,0,3,7791,1001
200,0,3,7792,1002
200,0,3,7793,1003
200,0,3,7794,1004
200,0,3,7795,1005
200,0,3,7796,1006
200,0,3,7797,1007
200,0,3,7798,1008
200,0,3,7799,1009
200,0,3,7800,1010
200,0,3,7801,1011
200,0,3,7802,1012
200,0,3,7803,1013
800,1,1,7804,422165
800,2,1,7805,422165
800,3,1,7806,422165
200,11,1,7807,122170
200,1,1,7808,122235
1600,1,1,7809,122340
1600,2,1,7810,122340
1600,3,1,7811,122340
200,0,5,7812,1
800,0,5,7813,1
1600,0,5,7814,1
800,0,3,7815,496
200,2,1,7816,422135
200,1,1,7817,422020
1600,1,1,7818,122350
1600,2,1,7819,122350
1600,3,1,7820,122350
800,1,1,7821,122345
800,2,1,7822,122345
800,3,1,7823,122345
200,0,5,7824,1
800,0,5,7825,1
1600,0,5,7826,1
200,1,1,7827,122145
200,1,1,7828,122275
800,1,1,7829,122355
800,1,1,7830,122360
800,17,1,7831,422060
200,0,5,7832,1
800,0,5,7833,1
1600,0,5,7834,1
800,0,3,7835,812
200,0,3,7836,813
200,50,1,7837,122190
800,4,1,7838,122215
200,5,1,7839,122330
200,24,1,7840,422015
200,18,1,7841,422060
200,3,1,7842,422130
200,1,1,7843,422065
200,16,1,7844,422060
200,23,1,7845,422015
200,2,1,7846,122320
800,2,1,7847,122300
200,7,1,7848,122035
100,2,1,7849,122120
100,3,1,7850,122200
200,3,1,7851,122205
100,1,1,7852,422060
100,0,1,7853,3
100,2,1,7854,422060
100,2,1,7855,422075
100,4,1,7856,422060
100,0,1,7857,3
100,5,1,7858,422025
100,5,1,7859,422060
100,7,1,7860,422060
100,8,1,7861,422060
100,5,1,7862,122025
100,1,1,7863,122035
100,3,1,7864,122035
100,4,1,7865,122205
100,6,1,7866,122205
100,9,1,7867,122025
100,6,1,7868,122070
100,0,1,7869,4
100,0,1,7870,4
100,5,1,7871,122105
100,2,1,7872,422010
100,0,1,7873,3
100,7,1,7874,422010
100,0,1,7875,3
100,7,1,7876,422025
800,0,2,7877,9999
100,0,3,7878,373
100,4,1,7879,122110
100,4,1,7880,122070
100,0,2,7881,745
100,0,2,7882,744
100,0,2,7883,743
100,0,2,7884,627
100,0,2,7885,628
100,0,2,7886,629
100,0,2,7887,641
100,0,2,7888,642
100,0,2,7889,643
100,0,2,7890,661
100,2,1,7891,122050
100,3,1,7892,122050
100,4,1,7893,122050
100,15,1,7894,122030
100,16,1,7895,122030
100,17,1,7896,122030
100,18,1,7897,122030
100,3,1,7898,122140
100,4,1,7899,122140
100,5,1,7900,122140
100,7,1,7901,122225
100,8,1,7902,122225
100,9,1,7903,122225
100,4,1,7904,122195
100,5,1,7905,122195
100,7,1,7906,122195
100,4,1,7907,422155
200,1,1,7908,122285
200,2,1,7909,122285
200,3,1,7910,122285
100,0,1,7911,4
100,7,1,7912,122000
100,0,1,7913,4
100,1,1,7914,122015
100,2,1,7915,122015
100,3,1,7916,122015
100,13,1,7917,122170
100,14,1,7918,122170
100,15,1,7919,122170
100,16,1,7920,122170
100,44,1,7921,122190
100,45,1,7922,122190
100,46,1,7923,122190
100,1,1,7924,122280
100,2,1,7925,122280
100,19,1,7926,422015
100,12,1,7927,422050
100,13,1,7928,422050
100,14,1,7929,422050
100,15,1,7930,422050
100,2,1,7931,422110
100,29,1,7932,422125
100,30,1,7933,422125
100,0,2,7934,758
800,0,2,7935,759
800,0,2,7936,760
800,0,2,7937,761
800,0,2,7938,762
200,15,1,7939,122025
200,16,1,7940,122025
200,1,1,7941,122330
200,2,1,7942,122330
200,3,1,7943,122330
200,1,1,7944,122335
200,2,1,7945,123005
200,3,1,7946,123005
200,0,3,7947,9999
200,0,3,7948,308
200,0,3,7949,311
200,0,3,7950,324
100,0,5,7951,84
100,0,1,7952,422040
200,0,5,7953,83
800,0,2,7954,401
200,0,2,7955,400
200,0,2,7956,402
200,0,2,7957,404
800,0,2,7958,405
200,0,2,7959,406
800,1,6,7960,156
1600,0,12,7980,6033
1600,0,12,7981,6034
1600,0,12,7982,6035
200,0,11,7983,1404
200,0,11,7984,1405
200,0,11,7985,12984
200,0,11,7986,12986
200,0,11,7987,12988
200,0,11,7988,12990
200,0,11,7989,12992
200,0,11,7990,12994
200,0,11,7991,12996
200,0,11,7992,12998
200,0,11,7993,13000
200,0,11,7994,13002
200,0,11,7995,13004
200,0,11,7996,13006
200,0,11,7997,13008
200,0,11,7998,13010
200,0,11,7999,13012
200,0,11,8000,13014
200,0,11,8001,13016
200,0,11,8002,13066
200,0,11,8003,13018
200,0,11,8004,13020
200,25,1,8005,122030
200,22,1,8006,122210
200,2,1,8007,122315
200,23,1,8008,422055
200,38,1,8009,422125
200,39,1,8010,422125
1600,1,1,8011,123036
1600,1,1,8012,423021
1600,0,2,8013,671
1600,0,3,8014,896
1600,2,1,8015,123036
1600,2,1,8016,423021
1600,0,2,8017,672
1600,0,3,8018,897
1600,3,1,8019,123036
1600,3,1,8020,423021
1600,0,2,8021,673
1600,0,3,8022,898
200,0,3,8023,893
200,0,3,8024,894
200,0,3,8025,895
200,0,4,8026,35
200,0,5,8027,203
200,0,5,8028,204
800,0,5,8029,205
1600,0,5,8030,206
800,0,6,8031,158
800,4,1,8032,122295
200,18,1,8033,422050
200,0,5,8034,208
200,0,5,8035,209
800,2,6,8036,156
800,3,6,8037,156
200,4,6,8038,305
200,5,6,8039,305
800,0,3,8040,885
200,0,5,8041,210
200,0,6,8042,160
800,4,1,8043,122020
200,24,1,8044,122030
200,4,1,8045,122320
200,2,1,8046,422000
800,10,1,8047,422025
800,0,5,8048,207
200,0,3,8049,899
200,4,1,8050,122015
200,26,1,8051,122030
200,23,1,8052,122125
200,54,1,8053,122190
800,8,1,8054,422030
200,10,1,8055,422120
200,7,1,8056,422155
200,0,3,8057,1023
1600,0,12,8058,6036
1600,0,12,8059,6037
1600,0,12,8060,6038
200,0,4,8061,37
200,0,4,8062,36
200,0,3,8063,1033
200,0,3,8064,1032
200,0,3,8065,1031
200,0,3,8066,1024
200,0,3,8067,1022
200,0,3,8068,1021
800,0,3,8069,1019
200,0,3,8070,1018
200,0,3,8071,1017
200,0,3,8072,1016
200,0,3,8073,1015
200,0,3,8074,1014
100,0,2,8075,1024
100,0,2,8076,1025
100,0,2,8077,1026
100,0,2,8078,1027
100,0,2,8079,1028
100,0,2,8080,1029
100,0,2,8081,1030
100,0,2,8082,1031
100,0,2,8083,1032
100,5,1,8084,122015
100,6,1,8087,122015
100,7,1,8088,122015
100,29,1,8089,122030
100,30,1,8090,122030
100,31,1,8091,122030
100,11,1,8092,122120
100,12,1,8093,122120
100,13,1,8094,122120
100,17,1,8095,122170
100,18,1,8096,122170
100,19,1,8097,122170
100,62,1,8098,122190
100,63,1,8099,122190
100,64,1,8100,122190
100,30,1,8101,122210
100,31,1,8102,122210
100,32,1,8103,122210
100,4,1,8104,122285
100,5,1,8105,122285
100,6,1,8106,122285
100,10,1,8107,122330
100,11,1,8108,122330
100,9,1,8109,122330
100,31,1,8110,422015
100,32,1,8111,422015
100,33,1,8112,422015
100,12,1,8113,422025
100,13,1,8114,422025
100,21,1,8115,422050
100,22,1,8116,422050
100,23,1,8117,422050
100,10,1,8118,422155
100,8,1,8119,422155
100,9,1,8120,422155
100,4,1,8121,422170
100,5,1,8122,422170
100,6,1,8123,422170
100,0,5,8124,266
100,0,5,8125,267
100,0,5,8126,268
200,0,5,8127,269
200,0,5,8128,270
200,0,5,8129,271
100,0,5,8130,272
200,0,5,8131,273
200,0,5,8132,274
100,0,5,8133,275
200,0,5,8134,276
100,0,5,8135,277
100,0,5,8136,278
100,0,5,8137,279
200,0,5,8138,280
200,0,3,8139,1037
200,0,3,8140,1038
200,0,3,8141,1039
200,0,3,8142,1040
200,0,3,8143,1041
200,0,3,8144,1042
200,0,3,8145,1043
200,0,3,8146,1044
200,0,3,8147,1045
200,0,3,8148,1046
200,0,3,8149,1047
200,0,3,8150,1048
100,0,3,8151,891
800,0,4,8152,39
800,0,4,8153,40
800,0,4,8154,41
800,0,4,8155,42
800,0,4,8156,43
100,0,1,8157,240001
100,0,1,8158,440001
100,0,1,8159,91
100,0,2,8160,9001
100,0,6,8161,701
100,0,12,8162,9001
100,0,2,8163,536
200,2,1,8164,122160
200,9,1,8165,122165
200,17,1,8166,122200
200,35,1,8167,422015
200,30,1,8168,422055
800,2,6,8169,360
800,3,6,8170,360
800,4,6,8171,360
800,5,6,8172,360
800,6,6,8173,360
800,7,6,8174,360
800,8,6,8175,360
800,9,6,8176,360
800,10,6,8177,360
800,11,6,8178,360
800,7,6,8179,156
800,8,6,8180,156
800,9,6,8181,156
800,10,6,8182,156
800,11,6,8183,156
800,12,6,8184,156
800,13,6,8185,156
800,14,6,8186,156
800,15,6,8187,156
800,16,6,8188,156
200,0,3,8189,1049
100,0,3,8190,1050
200,0,3,8191,1051
200,0,3,8192,1052
200,0,3,8193,1053
200,0,3,8194,1054
200,0,3,8195,1055
200,0,3,8196,1056
200,0,3,8197,1057
200,0,3,8198,1058
200,0,3,8199,1059
200,0,3,8200,1060
200,0,3,8201,1094
200,0,3,8202,1095
200,0,3,8203,1096
200,0,3,8204,1097
200,0,3,8205,1098
200,0,3,8206,1099
200,0,3,8207,1100
200,19,6,8208,156
200,20,6,8209,156
800,17,6,8210,156
800,18,6,8211,156
1600,0,12,8214,6067
800,0,6,8215,365
800,1,6,8216,365
800,2,6,8217,365
800,0,2,8218,28
800,0,2,8219,419
800,0,2,8220,420
800,0,2,8221,422
800,0,2,8222,423
800,0,2,8223,424
800,0,2,8224,425
800,0,2,8225,426
800,0,2,8226,427
800,0,2,8227,428
800,0,2,8228,429
800,0,2,8229,430
800,0,2,8230,431
200,0,6,8231,301
200,1,6,8232,301
800,0,6,8233,165
800,1,6,8234,165
800,2,6,8235,165
800,3,6,8236,365
800,4,6,8237,365
200,0,5,8238,262
1600,0,5,8239,263
200,0,5,8240,264
200,0,5,8241,265
1600,0,5,8242,281
200,0,5,8243,282
200,0,5,8244,283
200,0,5,8245,284
200,29,1,8246,11
200,20,1,8247,122025
200,33,1,8248,122210
200,4,1,8249,122310
200,8,1,8250,422170
800,0,2,8251,1035
800,0,4,8252,66
200,0,3,8253,1101
200,0,3,8254,1102
200,0,3,8255,1103
200,0,3,8256,1104
400,0,3,8257,1105
200,0,3,8258,1106
200,0,3,8259,1107
200,0,3,8260,1108
800,0,3,8261,1109
800,0,3,8262,1110
800,0,3,8263,1111
800,0,3,8264,1112
800,0,3,8265,1113
200,0,3,8266,1114
200,0,3,8267,1115
800,0,5,8268,285
200,0,5,8269,286
800,0,5,8270,287
200,0,5,8271,288
800,0,2,8272,432
800,0,2,8273,433
800,0,2,8274,434
800,0,2,8275,435
800,0,2,8276,436
800,21,6,8277,156
200,32,1,8278,11
200,33,1,8279,11
200,33,1,8280,422055
200,34,1,8281,422055
200,8,1,8282,122010
200,9,1,8283,122010
100,0,3,8284,316
200,32,1,8285,11
200,33,1,8286,11
200,35,1,8287,11
200,3,6,8288,325
200,8,1,8289,122250
200,12,1,8290,122320
800,2,1,8291,122360
800,3,1,8292,122360
200,4,1,8293,422000
200,37,1,8294,422055
200,23,1,8295,422060
800,11,1,8296,422120
200,0,3,8297,1117
200,11,1,8298,122320
200,36,1,8299,422055
200,0,2,8300,439
200,68,1,8301,122190
800,0,2,8302,437
800,0,2,8303,438
200,6,1,8304,122050
200,27,1,8305,122125
200,21,1,8306,122170
200,69,1,8307,122190
200,11,1,8308,422030
200,24,1,8309,422060
800,0,4,8310,67
200,0,3,8311,1118
200,0,3,8312,1119
100,0,3,8313,361
200,1,1,8314,124035
200,1,1,8315,424035
200,0,2,8316,1034
800,11,1,8317,422025
800,0,2,8318,410
800,0,2,8319,411
200,3,6,8320,154
200,4,6,8321,154
200,0,5,8322,211
200,0,5,8323,212
200,0,5,8324,213
200,0,5,8325,214
800,0,5,8326,215
1600,0,5,8327,216
800,5,1,8328,122260
200,6,1,8329,422010
200,6,1,8330,422025
200,1,1,8331,422075
200,4,1,8332,422105
200,0,3,8333,307
1600,0,3,8334,355
800,0,3,8335,388
800,0,2,8336,626
100,0,2,8337,630
1600,0,2,8338,668
1600,0,2,8339,669
1600,0,2,8340,670
800,0,2,8341,675
1600,0,2,8342,678
800,6,1,8343,122000
800,8,1,8344,122000
200,3,1,8345,122105
200,4,1,8346,122105
100,0,2,8347,18
100,0,2,8348,19
100,0,2,8349,138
100,0,2,8350,139
100,0,2,8351,141
100,0,2,8352,314
100,0,2,8353,315
100,0,2,8354,317
100,0,2,8355,319
100,0,2,8356,320
100,0,2,8357,329
100,0,2,8358,331
100,0,2,8359,332
100,0,2,8360,333
100,0,2,8361,334
100,0,2,8362,335
100,0,2,8363,336
100,0,2,8364,337
100,0,2,8365,338
100,0,2,8366,339
100,0,2,8367,86
100,0,2,8368,316
100,0,2,8369,318
100,0,2,8370,321
100,0,2,8371,322
100,0,2,8372,323
100,0,2,8373,324
100,0,2,8374,325
100,0,2,8375,326
100,0,2,8376,327
100,0,2,8377,328
100,0,2,8378,330
100,0,2,8379,340
100,0,3,8380,228
100,0,3,8381,236
100,0,3,8382,267
100,0,3,8383,367
100,0,3,8384,585
100,0,3,8385,587
100,0,3,8386,588
100,0,3,8387,595
100,0,3,8388,664
100,0,3,8389,666
100,0,3,8390,902
100,0,3,8391,9999
100,0,3,8392,392
100,0,3,8393,403
100,0,3,8394,390
800,0,12,8395,6069
800,0,12,8396,6068
200,0,5,8397,123
800,0,5,8398,124
1600,0,5,8399,125
200,0,5,8400,126
800,0,5,8401,127
1600,0,5,8402,128
200,0,5,8403,129
800,0,5,8404,130
1600,0,5,8405,131
200,0,5,8406,132
800,0,5,8407,133
1600,0,5,8408,134
200,0,5,8409,135
800,0,5,8410,136
1600,0,5,8411,137
200,0,5,8412,141
800,0,5,8413,142
1600,0,5,8414,143
200,0,5,8415,144
800,0,5,8416,145
1600,0,5,8417,146
200,4,1,8418,422005
200,9,1,8420,422135
200,8,1,8421,422135
200,21,1,8422,122025
200,2,1,8423,122065
800,3,1,8424,122145
200,1,1,8425,122245
200,13,1,8426,122330
200,2,1,8427,122355
200,0,2,8428,1037
200,0,2,8429,1038
200,0,3,8430,1130
200,4,6,8431,325
200,7,1,8432,122135
800,0,3,8433,1123
800,0,5,8434,289
800,1,6,8435,164
200,36,1,8436,11
200,28,1,8437,122125
200,29,1,8438,122125
200,71,1,8439,122190
200,70,1,8440,122190
200,72,1,8441,122190
200,0,3,8442,1121
200,0,3,8443,1122
1600,0,12,8444,6070
800,0,3,8445,1124
800,0,3,8446,1125
800,0,3,8447,1128
800,0,3,8448,1129
800,0,3,8449,1132
200,0,5,8450,290
800,0,5,8451,291
200,0,5,8452,292
200,0,5,8453,293
800,0,5,8454,294
1600,0,5,8455,295
800,32,6,8456,156
800,31,6,8457,156
800,2,6,8458,170
800,1,6,8459,170
800,0,6,8460,170
800,0,3,8461,1131
200,0,3,8462,1120
800,0,3,8463,1126
800,0,3,8464,1127
800,33,6,8465,156
800,34,6,8466,156
800,0,2,8467,443
800,0,2,8468,440
200,0,2,8469,444
200,0,2,8470,445
1600,0,3,8471,1133
200,12,1,8472,422030
200,10,1,8473,122225
200,9,1,8474,422030
1600,0,12,8475,6045
1600,0,12,8476,6071
200,0,5,8477,296
200,0,5,8478,297
200,0,5,8479,298
800,0,5,8480,300
1600,0,5,8481,301
200,0,5,8482,299
800,35,6,8483,156
800,36,6,8484,156
800,0,6,8485,370
800,1,6,8486,370
800,0,3,8487,1145
800,0,3,8488,1146
800,0,3,8489,1147
800,0,3,8490,1148
200,0,4,8491,68
200,8,1,8492,122015
200,3,1,8493,122115
200,31,1,8494,122125
200,33,1,8495,122125
200,75,1,8496,122190
200,76,1,8497,122190
200,37,1,8498,422015
200,38,1,8499,422015
200,38,1,8500,422055
800,14,1,8501,122120
800,5,1,8502,422000
800,0,2,8503,441
800,0,2,8504,442
800,30,1,8505,122125
200,73,1,8506,122190
800,34,1,8507,122210
200,13,1,8508,422030
200,25,1,8509,422060
200,0,2,8510,1040
200,0,3,8511,1143
200,0,3,8512,1144
200,5,6,8513,365
200,32,1,8514,122030
200,74,1,8515,122190
800,35,1,8516,122210
200,36,1,8517,422015
200,12,1,8518,422120
200,0,2,8519,1041
800,0,3,8520,1142
800,0,2,8521,413
800,6,6,8522,156
200,0,6,8523,335
200,0,6,8524,340
200,0,3,8525,370
1600,0,12,8526,6042
1600,0,12,8527,6043
1600,0,12,8528,6044
200,0,5,8529,218
200,0,5,8530,219
800,0,5,8531,220
800,0,5,8532,224
200,0,5,8533,225
200,0,5,8534,226
1600,0,5,8535,221
800,0,4,8536,25
800,0,2,8537,446
800,0,2,8538,447
800,0,2,8539,448
800,0,2,8540,449
800,0,2,8541,450
800,0,2,8542,451
800,0,3,8543,1166
800,0,3,8544,1167
200,0,3,8545,1169
200,0,3,8546,1170
200,0,4,8547,69
800,0,5,8549,303
200,0,5,8550,304
200,0,5,8551,305
800,0,5,8552,306
1600,0,5,8553,307
800,37,6,8554,156
800,38,6,8555,156
200,1,6,8556,375
200,2,6,8557,375
1600,0,12,8558,6072
1600,0,12,8559,6046
1600,0,12,8560,6047
800,0,2,8561,415
200,0,5,8562,228
200,0,5,8563,229
200,0,5,8564,230
800,0,5,8565,231
1600,0,5,8566,232
800,0,5,8567,255
200,9,1,8568,122015
800,77,1,8569,122190
200,78,1,8570,122190
200,79,1,8571,122190
800,10,1,8572,123005
800,11,1,8573,123005
200,12,1,8574,123005
800,7,1,8575,123005
200,8,1,8576,123005
200,9,1,8577,123005
800,0,2,8579,1043
800,0,3,8580,1171
200,0,3,8581,1172
200,0,3,8582,1173
200,0,3,8583,1174
800,0,3,8584,1175
800,0,3,8585,1176
800,0,3,8586,1177
200,0,3,8587,1178
800,0,3,8588,1201
800,0,3,8589,1202
800,0,3,8590,1203
800,0,3,8591,1204
200,1,5,8592,308
200,1,5,8593,309
200,1,5,8594,310
200,1,5,8595,311
200,1,5,8596,312
800,1,5,8597,313
1600,1,5,8598,314
800,0,6,8599,380
800,1,6,8600,380
800,0,6,8601,383
800,0,6,8602,385
800,1,6,8603,385
800,0,2,8604,115
800,0,2,8605,116
800,14,1,8606,422030
800,15,1,8607,422030
200,0,4,8608,72
200,1,5,8609,315
800,1,5,8610,316
200,1,5,8611,317
200,1,5,8612,318
800,1,5,8613,319
1600,1,5,8614,320
800,39,6,8615,156
800,40,6,8616,156
800,3,6,8617,375
800,4,6,8618,375
800,5,6,8619,375
800,6,6,8620,375
800,7,6,8621,375
800,8,6,8622,375
800,9,6,8623,375
800,10,6,8624,375
800,11,6,8625,375
800,12,6,8626,375
800,13,6,8627,375
800,14,6,8628,375
800,15,6,8629,375
800,16,6,8630,375
800,17,6,8631,375
800,18,6,8632,375
800,19,6,8633,375
800,20,6,8634,375
800,21,6,8635,375
800,22,6,8636,375
800,23,6,8637,375
800,24,6,8638,375
800,25,6,8639,375
800,26,6,8640,375
200,0,3,8641,1160
200,0,3,8642,1276
200,0,3,8643,1277
200,0,3,8644,1278
200,0,3,8645,1279
200,0,3,8646,1280
200,0,3,8647,1286
200,0,3,8648,1287
200,0,3,8649,1288
200,0,3,8650,1289
200,0,3,8651,1290
200,0,3,8652,1291
800,1,5,8654,1000
800,1,5,8655,1001
800,1,5,8656,1002
800,1,5,8657,1003
800,1,5,8658,1004
800,1,5,8659,1005
800,1,5,8660,1006
800,1,5,8666,241
800,1,5,8667,151
800,1,5,8668,152
800,1,5,8669,154
800,1,5,8670,155
800,1,5,8671,156
800,1,5,8672,157
800,1,5,8673,158
800,1,5,8674,159
800,1,5,8675,160
800,1,5,8676,161
800,1,5,8677,170
800,1,5,8678,176
800,0,3,8679,1337
800,0,3,8680,1338
800,0,2,8681,452
800,0,2,8682,453
800,0,2,8683,466
800,0,2,8684,465
800,0,2,8685,464
800,1,5,8686,1007
800,1,5,8687,1008
800,1,5,8688,1009
800,1,5,8689,1010
200,0,3,8690,1229
200,0,3,8691,1230
800,11,6,8692,300
800,12,6,8693,300
800,0,3,8694,365
200,0,4,8695,38
200,1,5,8696,233
800,1,5,8697,234
1600,1,5,8698,235
200,1,5,8699,238
800,0,6,8700,164
800,0,6,8701,360
800,1,6,8702,360
800,0,2,8703,416
800,0,3,8704,1231
800,0,3,8705,1232
200,0,3,8706,1233
200,0,3,8707,1234
200,0,3,8708,1235
200,0,4,8709,73
800,0,3,8710,1341
800,1,5,8711,321
200,1,5,8712,322
200,1,5,8713,323
800,1,5,8714,324
1600,1,5,8715,325
200,1,5,8716,326
800,0,6,8717,395
800,1,6,8718,395
800,2,6,8719,395
800,3,6,8720,395
800,0,6,8721,400
800,1,6,8722,400
800,2,6,8723,400
800,3,6,8724,400
