cpmorph_mouth_tweak_c,cpmorph_chin_tweak_a,cpmorph_brow_tweak_b,cpmorph_nose_preset,cpmorph_chin_tweak_b,cpmorph_eye_tweak_d,cpmorph_forehead_preset,cpmorph_head_tweak_a,cpmorph_forehead_tweak_a,cpmorph_nose_tweak_c,cpmorph_brow_tweak_c,cpmorph_chin_tweak_e,cpmorph_brow_tweak_e,cpmorph_nose_tweak_b,cpmorph_nose_tweak_d,cpmorph_brow_tweak_d,cpmorph_head_tweak_e,cpmorph_forehead_tweak_e,cpmorph_ear_tweak_a,cpmorph_chin_preset,cpmorph_mouth_tweak_a,cpmorph_chin_tweak_c,cpmorph_eye_tweak_a,cpmorph_nose_tweak_e,cpmorph_chin_tweak_d,cpmorph_forehead_tweak_b,cpmorph_head_tweak_b,cpmorph_ear_preset,cpmorph_eye_preset,cpmorph_head_tweak_d,cpmorph_forehead_tweak_d,cpmorph_head_tweak_c,cpmorph_forehead_tweak_c,cpmorph_brow_tweak_a,cpmorph_eye_tweak_b,cpmorph_ear_tweak_e,cpmorph_brow_preset,cpmorph_head_preset,cpmorph_mouth_tweak_e,cpmorph_eye_tweak_e,cpmorph_nose_tweak_a,cpmorph_mouth_tweak_b,cpmorph_mouth_tweak_d,cpmorph_ear_tweak_d,cpmorph_mouth_preset,cpmorph_ear_tweak_b,cpmorph_eye_tweak_c,cpmorph_ear_tweak_c,cpmorph_mouth_preset_weight,cpmorph_forehead_preset_weight,cpmorph_ear_preset_weight,create_playerid,cpmorph_nose_preset_weight,cpmorph_head_preset_weight,cpmorph_eye_preset_weight,cpmorph_brow_preset_weight,cpmorph_chin_preset_weight
-52,-100,-48,19,11,-100,0,-52,0,-47,3,-20,-31,35,50,26,-32,0,-48,0,-16,-29,26,-58,-5,0,-100,7,15,-39,0,-48,0,-58,-28,-82,0,0,0,0,43,-58,58,20,0,56,26,-12,56,100,76,69967,100,76,100,0,87
30,45,31,0,45,96,0,45,0,-33,-100,-21,62,84,-55,-31,-8,0,-61,4,24,11,-14,-27,65,0,22,4,1,55,0,39,0,-52,45,73,0,10,0,0,58,90,62,100,8,100,-55,33,54,100,51,70004,95,27,88,89,72
-33,-58,-21,6,26,37,0,-14,0,61,94,36,0,13,-23,34,-55,0,86,1,0,28,-6,41,23,0,35,4,8,64,0,-41,0,67,-15,46,0,5,0,0,-46,-35,-51,100,7,51,62,15,78,100,84,70033,15,84,58,0,93
-100,-5,35,0,37,-22,0,-56,0,-37,-30,-56,-48,58,-25,-94,-69,0,100,3,-77,-3,-54,-24,65,0,-77,5,15,100,0,14,0,1,3,-54,0,6,0,0,-100,-24,40,-42,7,-66,38,58,95,100,33,70036,89,83,100,0,94
26,11,-57,12,16,-27,0,-3,0,-52,-63,-24,22,21,41,-23,0,0,0,6,-3,41,3,-74,56,0,67,8,4,45,0,16,0,60,-29,33,0,10,0,0,16,-100,35,9,13,98,7,-50,36,100,64,70039,88,79,40,0,100
-29,-32,44,9,75,28,0,48,0,5,-12,-52,-100,86,86,-14,48,0,-52,1,37,-18,77,-15,5,0,-64,4,20,56,0,14,0,-44,52,-100,0,11,0,0,-36,-58,100,85,4,64,39,-87,100,100,63,176693,87,100,56,0,100
-100,43,-72,2,30,14,0,-58,0,11,-100,-1,45,97,84,5,39,0,-86,8,-67,-6,-8,52,-67,0,-40,2,0,100,0,5,0,90,41,-57,0,5,0,0,-100,-100,16,99,7,100,60,22,84,100,73,177633,84,55,80,0,88
15,81,-100,10,-69,18,0,-27,0,-35,100,55,-7,-13,31,63,65,0,33,1,-25,-100,-12,-43,-75,0,57,8,14,-7,0,22,0,0,-56,33,0,12,0,0,-90,100,63,69,7,69,16,37,71,100,18,187598,100,30,100,0,0
-23,71,-69,0,86,43,0,-57,0,-52,84,-8,65,16,-84,-42,1,0,-50,1,35,-46,7,-69,48,0,-12,7,0,-21,0,7,0,100,-20,7,0,8,0,0,7,-29,100,-100,8,71,-55,44,58,100,91,189472,56,79,96,0,74
-31,62,-10,19,73,-100,0,-26,0,-14,-100,-88,100,95,100,-80,58,0,-29,4,-46,-1,-62,-34,58,0,-49,12,5,-8,0,-25,0,-100,-15,5,0,10,0,0,15,-24,100,14,6,52,15,29,93,100,68,189857,73,24,88,69,83
-50,11,52,2,45,-100,0,-25,0,-58,-100,-46,-72,62,100,-21,64,0,-52,3,-14,-100,-25,11,-23,0,-16,3,0,77,0,-1,0,-67,56,-33,0,9,0,0,20,24,41,100,7,100,37,100,65,100,74,190143,100,79,74,0,63
-72,39,-34,10,15,11,0,-19,0,81,-100,0,-58,-23,-22,-32,-57,0,64,8,-47,52,-15,0,-42,0,17,10,6,42,0,4,0,100,68,-61,0,4,0,0,-44,70,-21,25,7,87,-26,55,52,100,79,192634,63,42,75,0,78
-89,100,83,19,-85,-14,0,-86,0,6,-62,-52,21,70,-33,40,-35,0,54,1,-84,1,-52,-18,-67,0,-76,8,0,37,0,-50,0,52,81,35,0,10,0,0,-49,-100,-60,15,7,-100,23,4,93,100,44,193314,52,44,82,0,100
-100,-29,-16,2,-78,-100,0,-26,0,-1,-71,-100,-5,74,14,35,-100,0,0,1,31,87,-57,12,21,0,-7,3,2,72,0,-54,0,29,-1,73,0,2,0,0,-100,-65,-22,78,7,99,-18,-5,78,100,91,193421,34,82,82,83,79
-93,-57,-100,2,13,54,0,43,0,-18,-100,-16,-58,28,35,-2,-2,0,12,1,9,-74,-58,20,30,0,-6,12,15,-100,0,37,0,-100,15,-38,0,10,0,0,0,-68,-4,0,7,5,37,30,58,100,5,198230,100,60,67,58,68
-34,-30,-28,0,74,-47,0,0,0,-30,-54,-6,21,72,-100,-58,-66,0,31,1,-61,-12,-49,-11,-6,0,52,4,0,71,0,22,0,41,10,-36,0,3,0,0,-100,56,-65,97,6,-28,3,62,62,100,56,198451,100,80,79,0,79
-26,-21,-35,27,-75,-95,0,-42,0,75,-91,7,12,9,-27,92,52,0,67,3,-100,68,-70,37,0,0,23,4,10,66,0,-4,0,100,26,32,0,10,0,0,-61,6,13,89,7,100,32,-43,41,100,70,199845,77,32,100,0,100
-10,39,-78,4,41,-100,0,14,0,-35,-33,-20,-25,-29,26,22,-8,0,31,2,-33,65,-67,-37,39,0,31,3,0,100,0,1,0,-29,-18,5,0,12,0,0,-81,-78,-6,-100,7,54,-40,35,86,100,68,201269,74,81,76,0,72
4,2,-74,4,96,-8,0,-41,0,-79,78,6,54,28,-100,-100,-17,0,-6,1,-87,36,-52,-87,28,0,-89,6,0,-58,0,-44,0,100,-33,-78,0,10,0,0,-63,100,-68,49,19,-100,-7,-100,100,100,23,202716,60,31,58,0,77
-100,-82,-49,19,64,60,0,-10,0,-49,-17,-20,-81,18,13,5,25,0,-46,2,30,-9,-10,-81,40,0,-50,3,17,50,0,-8,0,24,-18,-82,0,8,0,0,100,-100,21,85,5,-12,54,9,6,100,61,204277,100,90,100,0,89
0,20,37,1,50,92,0,24,0,-29,-27,24,-50,5,9,20,11,0,-100,1,28,-21,-31,-15,56,0,-23,7,15,-38,0,7,0,43,3,-6,0,4,0,0,-27,-82,92,-18,18,100,16,35,34,100,91,204346,63,72,55,0,0
-58,28,-39,0,38,94,0,-58,0,-21,-100,-37,33,46,-52,-33,35,0,33,1,29,3,-37,-39,31,0,75,13,1,95,0,11,0,-62,28,-100,0,0,0,0,-36,-18,52,20,7,75,-12,-71,86,100,100,205632,65,87,93,78,80
35,-20,-95,1,34,31,0,0,0,-58,100,-8,0,-8,11,-33,0,0,5,2,-100,-46,-31,-54,30,0,52,4,0,73,0,88,0,48,-37,27,0,10,0,0,-27,18,-100,88,19,-100,20,29,100,100,65,205686,61,25,90,0,19
-75,-63,22,2,-8,29,0,-66,0,18,-30,-67,74,41,-81,-6,15,0,74,2,-56,77,-23,-23,1,0,-19,4,10,100,0,5,0,-52,11,-42,0,7,0,0,-32,-60,6,34,7,-100,-16,-100,73,100,14,208919,66,16,52,0,10
-22,-67,-80,0,65,41,0,-19,0,69,-44,-24,-61,-33,22,33,-58,0,-7,4,-76,-8,-17,3,58,0,-14,9,0,39,0,7,0,-97,-29,-100,0,11,0,0,-61,-100,5,12,19,-100,-18,-100,100,100,60,209519,74,65,78,0,50
-42,52,-100,12,1,-100,0,-1,0,-52,-100,-95,100,99,29,7,-44,0,-27,3,-16,50,-10,-57,24,0,-10,10,17,45,0,-61,0,45,39,-100,0,12,0,0,-100,16,100,63,2,100,-20,-46,84,100,52,210315,75,82,83,80,78
-74,56,3,19,26,-100,0,5,0,-42,43,8,26,-3,86,-74,-6,0,-23,4,-50,-91,35,-12,0,0,-27,4,10,82,0,-3,0,37,-1,-44,0,12,0,0,-61,-65,-47,100,7,-98,26,54,85,100,70,211857,9,68,72,0,88
26,3,7,1,-18,-100,0,16,0,52,-100,-36,-10,31,-18,37,-78,0,73,1,-100,-27,25,16,-27,0,58,7,2,-100,0,14,0,-78,16,39,0,2,0,0,100,52,-63,-100,8,100,-18,26,84,100,54,212523,82,81,81,0,100
-38,-80,-39,20,93,0,0,0,0,50,-100,-58,35,48,74,-42,10,0,41,4,-97,-5,-49,8,63,0,15,3,14,41,0,39,0,-76,28,99,0,6,0,0,-84,78,100,52,6,100,22,12,10,100,83,214097,14,40,100,0,48
-36,-84,22,0,-62,13,0,-50,0,-29,-46,16,29,-14,-29,-70,72,0,-100,3,-65,35,-61,-23,43,0,24,3,0,44,0,-33,0,-33,7,12,0,9,0,0,-64,62,-30,100,7,100,68,51,65,100,74,214979,100,67,74,0,63
87,-100,-50,22,71,-3,0,-100,0,63,-100,-47,100,26,39,37,-21,0,25,4,-100,6,-76,18,100,0,97,4,13,100,0,14,0,-100,58,45,0,1,0,0,43,100,-100,27,6,89,-10,43,100,100,80,216320,95,100,100,0,100
-63,-54,-90,17,71,-48,0,-48,0,10,-57,-67,1,58,7,37,52,0,-23,4,-52,47,35,-3,41,0,16,11,17,84,0,-27,0,-35,58,-100,0,0,0,0,-25,-33,-46,44,6,100,-41,16,100,100,43,216409,77,92,82,0,100
-69,-8,-93,2,14,33,0,-100,0,-1,-100,-16,100,56,62,62,41,0,-10,1,-46,94,-23,-36,45,0,16,4,0,71,0,-72,0,35,-16,-63,0,10,0,0,-42,100,-72,100,6,-50,26,67,27,100,50,217731,86,91,74,0,69
-88,48,-100,0,80,-23,0,-51,0,14,-91,16,4,8,56,24,-56,0,93,2,16,63,-21,35,100,0,1,13,0,-52,0,-34,0,100,1,37,0,12,0,0,-73,-100,100,-100,6,-100,20,-100,68,100,74,219180,100,57,69,0,91
-29,-3,5,6,100,39,0,47,0,-5,-3,-48,6,56,5,61,-78,0,-29,1,-100,-1,-16,1,-5,0,48,11,17,88,0,2,0,27,16,1,0,2,0,0,-70,3,100,63,18,-29,-87,100,78,100,85,219693,58,81,79,0,76
12,20,-18,12,39,-3,0,65,0,-42,23,-24,-40,-1,100,84,37,0,78,6,-35,27,61,-80,25,0,-10,7,16,61,0,-27,0,-100,-69,-5,0,10,0,0,16,7,-20,-100,13,100,-76,-100,67,100,85,219789,70,79,78,0,100
11,100,-65,2,85,56,0,14,0,-100,1,-88,3,26,67,-100,5,0,16,4,-22,27,-50,-52,14,0,-14,0,16,-13,0,-31,0,-8,-5,-80,0,12,0,0,-1,-100,69,100,0,100,54,42,84,100,88,220821,90,25,29,69,90
-94,-71,-48,2,67,-100,0,-84,0,-54,65,-24,-28,61,-94,-92,-100,0,21,3,-41,16,-82,-7,100,0,-88,0,12,-54,0,-33,0,100,12,-37,0,9,0,0,-100,-75,58,-100,0,100,16,-100,60,100,73,221014,61,75,38,69,83
-71,-21,-100,19,78,-100,0,-25,0,37,45,-62,100,8,-52,-1,32,0,-1,1,-100,-4,-30,25,25,0,33,4,2,11,0,-19,0,0,-31,60,0,6,0,0,-65,-99,20,77,1,32,-48,-94,71,100,76,223550,64,85,91,0,49
-54,24,-79,19,24,22,0,-69,0,71,-100,29,-2,2,62,18,39,0,77,6,-8,35,-23,7,-8,0,-84,9,0,28,0,-10,0,15,13,-100,0,7,0,0,65,22,23,71,7,94,-58,-95,73,100,42,223578,100,83,83,95,67
65,-49,-20,12,-100,-13,0,-95,0,-8,97,66,0,35,-75,7,-42,0,4,1,44,38,0,-62,46,0,2,13,10,75,0,94,0,-90,-2,-19,0,7,0,0,4,21,-44,43,7,30,7,-20,82,100,86,223790,100,93,54,54,100
68,-14,-11,12,49,21,0,60,0,-68,-23,6,47,45,47,8,-11,0,-100,6,-100,49,-15,-42,26,0,38,11,18,-60,0,49,0,-100,-45,-64,0,9,0,0,-47,-38,-36,94,13,45,-2,100,37,100,83,225085,74,90,81,0,100
7,-44,-42,0,100,35,0,-45,0,-12,-14,-33,71,-1,100,7,22,0,-29,1,5,-34,-52,9,58,0,30,13,15,-28,0,-32,0,-1,-15,26,0,5,0,0,-14,-100,41,23,7,-100,60,-58,56,100,98,226157,89,70,81,0,84
0,-8,-55,0,100,-100,0,0,0,-31,37,-12,-12,16,63,0,-37,0,-29,0,-33,33,-35,-10,24,0,22,3,17,-72,0,-44,0,0,-25,-31,0,11,0,0,-12,-80,84,26,0,100,24,37,100,100,44,227003,100,100,100,100,100
5,-23,1,8,14,90,0,0,0,84,-55,-10,-17,-13,-6,22,-76,0,-21,2,-3,77,-57,24,15,0,28,10,2,-56,0,9,0,84,-52,-16,0,9,0,0,-100,-3,-47,-69,19,48,-48,63,83,100,83,228716,81,25,57,48,95
19,-52,22,8,58,54,0,-96,0,36,-30,-43,9,64,-31,35,-70,0,52,2,29,49,-69,42,26,0,-65,9,17,100,0,-73,0,-93,-15,-42,0,9,0,0,24,100,27,100,7,78,-7,88,69,100,100,229752,56,96,16,0,30
46,-14,43,12,-55,63,0,29,0,-1,1,-24,22,3,67,84,0,0,0,6,28,27,63,-57,25,0,35,12,14,41,0,-37,0,55,-58,58,0,10,0,0,35,35,-20,94,4,98,-46,75,80,100,100,229942,88,79,100,0,100
-74,-54,-58,19,100,-60,0,10,0,-6,-21,-10,52,-6,58,-41,-26,0,1,3,-82,27,-37,-52,93,0,3,8,3,-55,0,-52,0,39,-16,12,0,10,0,0,-15,56,100,-80,10,50,-13,-100,56,100,38,229980,9,61,75,60,48
0,13,-72,1,-25,-84,0,-89,0,-27,37,-36,0,-6,-93,84,0,0,-19,7,-80,43,16,0,-16,0,-19,2,13,77,0,-10,0,-93,-14,-23,0,3,0,0,-27,-100,-93,16,19,-91,33,0,46,100,29,230670,100,100,38,100,100
1,50,-72,9,46,80,0,-37,0,43,-100,-42,-8,3,76,-18,43,0,16,1,20,22,-35,33,-80,0,7,4,10,61,0,56,0,-12,7,50,0,4,0,0,-46,75,-12,65,7,100,-29,-100,88,100,32,231102,82,77,79,0,88
61,7,-98,2,100,83,0,43,0,28,-49,26,82,-23,-66,79,-2,0,-85,6,-2,-11,-8,-17,19,0,-34,3,0,-76,0,41,0,-100,-8,24,0,6,0,0,-100,-25,-28,100,0,100,-42,100,42,100,44,231521,63,78,79,0,80
-5,100,-67,23,69,-82,0,-3,0,-10,-91,-41,100,-10,12,-33,5,0,-18,1,-48,-12,-38,-18,5,0,16,4,6,78,0,-14,0,39,-42,-10,0,12,0,0,-100,-48,33,73,7,100,-8,10,70,100,79,231640,44,84,68,0,21
-37,65,-27,0,100,20,0,-76,0,-36,77,1,73,62,-25,52,-80,0,10,6,10,37,-25,-41,-8,0,-33,4,1,44,0,-31,0,-31,29,-100,0,3,0,0,47,22,100,-100,10,60,-29,-100,82,100,23,231691,54,82,79,74,83
6,-33,67,2,-19,-75,0,-3,0,33,-50,22,44,90,97,65,50,0,-14,8,-57,0,-56,-7,-32,0,25,1,2,91,0,-22,0,10,84,-78,0,1,0,0,10,-77,99,84,18,-54,37,95,51,100,99,231969,100,48,96,12,88
37,-27,-69,12,90,-6,0,39,0,-52,64,-19,-97,76,-7,12,-16,0,-22,8,69,-84,-17,-20,1,0,5,12,20,-18,0,-46,0,50,-21,82,0,0,0,0,24,100,46,80,17,-29,-1,-100,29,100,44,232077,100,100,100,100,12
-31,50,-38,6,16,56,0,-34,0,-27,-5,-22,35,33,-80,-56,76,0,-27,4,-63,58,-58,-7,18,0,22,12,8,7,0,-39,0,90,-23,-86,0,8,0,0,-100,-82,100,31,0,18,-12,-88,79,100,45,233795,9,100,81,0,58
-22,20,-78,10,-2,-100,0,-3,0,20,-100,-69,-100,-44,61,-35,41,0,7,6,-42,90,-77,-8,67,0,-31,1,17,-58,0,-74,0,-3,7,-35,0,10,0,0,-8,-18,51,64,0,0,-12,-100,87,100,78,233839,77,94,65,0,28
39,31,-100,4,-16,-100,0,16,0,11,80,0,0,-18,-86,45,82,0,-40,5,-76,-29,84,16,7,0,65,13,17,50,0,35,0,94,-42,-18,0,6,0,0,75,28,-80,52,20,-29,24,35,65,100,100,235694,100,100,45,100,100
-9,-20,29,10,95,-33,0,-22,0,-31,98,-60,27,80,78,27,-56,0,52,1,8,-14,27,-56,-52,0,-54,2,0,100,0,1,0,16,44,-84,0,0,0,0,100,46,100,100,13,100,-39,-3,64,100,47,236403,75,82,100,0,79
-5,78,-58,2,77,-100,0,-65,0,50,-100,-50,-14,39,22,-91,52,0,-100,6,43,54,14,-5,-67,0,-69,6,14,-10,0,-67,0,26,35,-61,0,9,0,0,-88,-100,100,-65,7,100,-6,35,82,100,32,236810,76,78,84,58,64
-70,22,-100,6,29,20,0,26,0,-31,-76,-85,-36,-68,37,9,17,0,-61,8,26,22,-64,-2,-13,0,-12,1,8,5,0,-51,0,-46,-36,-58,0,10,0,0,54,-72,-34,13,0,13,-6,-60,81,100,50,237288,74,84,52,23,78
-34,51,-44,24,71,41,0,-44,0,-73,-19,-81,0,-6,-13,-2,-10,0,-21,1,-38,54,-100,-58,9,0,-32,4,0,90,0,-52,0,30,-46,-72,0,11,0,0,-40,-83,60,90,19,30,39,30,92,100,45,238461,100,47,81,0,73
-36,-19,24,1,37,18,0,-25,0,-20,-18,26,-95,18,-11,-76,100,0,-100,2,-65,-46,-29,-42,92,0,-12,13,0,80,0,60,0,-56,18,46,0,5,0,0,-64,62,-30,37,7,9,5,18,65,100,100,239093,100,67,16,0,41
40,-9,-70,3,55,70,0,-56,0,-49,-100,-19,0,28,-47,36,27,0,46,1,-81,-15,-13,-79,23,0,56,9,8,78,0,0,0,52,2,47,0,12,0,0,43,-49,8,21,10,100,32,7,47,100,87,239441,87,99,81,0,47
58,-40,-46,10,37,65,0,20,0,16,-10,67,37,20,100,39,61,0,100,3,-58,-18,100,-33,-28,0,0,4,17,77,0,33,0,-100,14,71,0,4,0,0,-100,28,-29,73,6,22,16,5,83,100,73,240359,78,80,100,0,33
15,-10,28,0,-44,58,0,-47,0,-25,-6,-76,17,-21,60,-75,-63,0,-29,4,0,-6,-49,-29,5,0,2,1,0,52,0,-36,0,-4,-10,18,0,1,0,0,-57,11,5,3,7,-27,2,-100,54,100,54,240638,81,89,100,0,100
-21,-8,-9,10,45,-26,0,-26,0,0,-100,11,-17,0,-30,-43,54,0,42,3,-100,81,-7,-62,0,0,23,4,0,100,0,-90,0,19,38,32,0,10,0,0,-100,6,13,89,7,100,23,-43,41,100,80,240702,99,32,100,0,100
-85,45,3,1,79,-100,0,29,0,-55,-33,-74,22,13,4,15,-81,0,28,6,-6,26,43,-91,-23,0,28,6,0,61,0,15,0,77,-3,-100,0,11,0,0,21,70,-98,96,8,100,-9,64,67,100,86,241410,88,79,100,0,100
-14,-31,-10,2,96,-80,0,2,0,-35,79,-100,-1,30,100,-75,-99,0,-88,6,43,60,-10,-100,41,0,18,1,15,100,0,27,0,3,3,-100,0,5,0,0,-35,-76,71,62,19,100,43,-27,51,100,8,241532,44,25,30,0,6
-1,14,71,13,33,-11,0,-3,0,-63,-9,-39,1,74,67,-88,29,0,-100,5,-46,14,3,-56,-3,0,-1,8,3,100,0,-14,0,-69,3,-100,0,3,0,0,100,100,57,67,14,16,40,31,30,100,41,241707,77,78,88,56,42
-48,-12,-57,20,48,33,0,0,0,-10,-100,-37,100,-5,84,-16,-20,0,-57,4,-10,33,16,-14,63,0,15,11,0,-50,0,31,0,-29,18,26,0,6,0,0,-84,58,86,-1,6,100,-6,65,10,100,73,241930,14,40,5,66,48
-6,84,52,0,-8,100,0,-20,0,-6,5,7,88,35,33,26,-5,0,-1,1,-74,-8,-21,3,24,0,55,4,9,100,0,11,0,100,21,-58,0,10,0,0,-70,75,-71,52,7,100,-25,-100,79,100,60,242458,58,75,92,0,41
-29,49,-24,2,19,-100,0,-64,0,17,-100,-100,-100,17,-28,-20,38,0,29,0,-73,19,-18,-17,6,0,14,4,14,55,0,-24,0,80,17,-66,0,7,0,0,52,21,40,29,5,-9,-2,-43,44,100,63,242908,86,99,89,0,72
32,100,-89,19,64,50,0,7,0,-7,-100,-1,60,33,-84,-47,-1,0,-23,1,-100,-40,-33,3,55,0,-13,8,2,52,0,35,0,36,12,-9,0,8,0,0,-66,-100,67,5,0,100,7,62,49,100,48,243456,37,75,74,0,81
31,5,-100,0,-72,-100,0,0,0,-52,-71,-29,-61,44,30,54,-67,0,-12,2,-21,-3,-8,-29,7,0,20,4,0,-10,0,-16,0,100,9,-100,0,8,0,0,-100,-56,16,-100,10,67,-67,-80,83,100,58,243576,52,83,77,83,79
38,-21,-47,10,17,36,0,-66,0,-21,-57,-37,-28,100,-74,13,-15,0,-6,2,-100,20,34,-33,17,0,34,13,12,100,0,10,0,-100,17,23,0,12,0,0,54,89,100,100,15,-87,-47,0,35,100,72,243580,19,16,44,0,1
-20,-40,-78,2,-85,3,0,7,0,-29,-78,5,-23,31,-100,-74,-28,0,-44,3,18,54,7,-1,31,0,27,7,0,45,0,19,0,-100,31,90,0,10,0,0,-100,33,-50,-23,7,100,-1,-95,77,100,44,243993,63,69,12,55,70
-11,-57,-3,10,78,54,0,-62,0,33,-2,-31,18,14,-82,-16,-73,0,66,4,1,-16,14,-22,71,0,-16,9,19,58,0,-1,0,23,8,-19,0,7,0,0,-100,-52,56,30,6,100,14,-100,49,100,51,244393,48,85,100,0,85
35,-67,-4,10,35,-29,0,41,0,-7,31,61,29,21,100,42,-58,0,1,8,-54,-22,-20,-11,29,0,-42,13,9,61,0,-7,0,4,11,38,0,1,0,0,6,-5,58,1,7,-14,-35,-80,51,100,65,245158,19,49,34,0,88
56,46,-42,10,80,16,0,-10,0,-61,1,-52,-71,58,90,-8,-7,0,41,4,-29,-44,29,-38,80,0,-3,12,9,-64,0,-1,0,100,-5,-18,0,2,0,0,28,-46,80,-3,4,100,35,3,69,100,29,245601,14,51,100,0,45
-69,12,-34,24,55,-2,0,3,0,8,-100,-60,0,-6,100,-27,-47,0,26,2,-85,14,24,-5,-8,0,22,7,15,3,0,29,0,-12,-26,-82,0,0,0,0,47,83,-13,20,9,37,-10,-2,43,100,92,245628,84,80,28,100,68
41,-5,14,8,63,-3,0,27,0,52,-25,9,-52,84,86,100,72,0,-7,1,-14,95,7,46,12,0,29,12,19,-13,0,46,0,-28,-21,-62,0,1,0,0,86,-58,91,100,11,-92,-80,100,80,100,100,245630,87,100,100,38,50
-52,-33,-20,20,84,-50,0,-33,0,-5,-37,-100,14,23,-60,31,-39,0,-16,2,-67,71,-76,-48,87,0,-58,10,8,7,0,-1,0,100,3,-100,0,8,0,0,-86,-18,73,100,19,74,12,33,80,100,0,245999,58,82,83,0,26
-13,-4,-90,6,100,-100,0,-12,0,-44,-100,-100,25,20,-78,-70,-51,0,7,4,-20,58,-37,-23,86,0,-85,11,0,-18,0,-78,0,-80,30,-63,0,10,0,0,-76,20,75,-100,6,100,50,-50,77,100,58,246139,67,27,52,56,100
64,68,32,22,100,-100,0,55,0,-25,17,21,8,32,100,-23,62,0,-51,4,-24,24,100,-13,68,0,34,12,1,-21,0,4,0,-93,-11,75,0,12,0,0,100,70,-2,-100,8,100,-40,-100,91,100,65,246683,100,100,80,78,43
-49,21,-40,0,33,25,0,-90,0,11,-91,-44,0,50,23,21,-37,0,-50,8,-92,-16,7,-33,-55,0,30,6,2,61,0,-17,0,-52,26,-11,0,9,0,0,-100,-100,92,-100,1,100,19,-84,45,100,81,247089,93,76,84,0,100
100,6,4,10,62,-52,0,61,0,-13,66,32,100,7,100,64,45,0,41,4,-64,-8,2,-66,43,0,0,12,20,58,0,-42,0,100,38,43,0,10,0,0,68,55,-40,19,4,100,-57,-100,41,100,49,247246,97,60,81,0,100
-13,-69,-74,3,77,-20,0,-35,0,-44,-23,-76,82,22,-46,-58,-16,0,75,2,-100,-1,-57,-29,-27,0,-82,4,0,-23,0,-67,0,-22,28,2,0,6,0,0,-46,-20,2,49,6,10,-12,-100,85,100,52,247257,66,72,52,0,85
-70,-87,-23,21,36,-43,0,-6,0,17,-100,-15,32,47,39,-6,-62,0,24,3,-70,13,3,-23,77,0,-36,11,18,24,0,5,0,100,17,-81,0,1,0,0,-70,6,-8,100,7,100,-21,84,41,100,60,247678,99,98,100,0,88
47,100,9,2,50,1,0,56,0,47,-57,-44,-84,16,17,1,86,0,-50,1,5,13,100,17,56,0,33,9,3,82,0,64,0,-100,-5,-20,0,8,0,0,100,48,-100,7,5,95,-72,-8,87,100,87,251353,87,74,82,81,90
-100,-89,-74,0,66,68,0,-83,0,-96,-52,6,35,24,-67,-100,-23,0,87,4,-67,-30,-55,-49,34,0,-52,3,0,-57,0,-81,0,-66,-15,-60,0,5,0,0,-23,-68,45,-18,6,-95,38,15,34,100,52,251809,100,58,100,12,22
-92,-48,-100,10,-29,-100,0,-31,0,1,-100,1,52,-48,60,-3,37,0,-9,8,-46,65,-95,-46,1,0,23,6,13,100,0,6,0,-33,45,-84,0,7,0,0,-86,-100,-52,47,0,100,-33,67,51,100,86,253396,56,79,73,0,100
-18,-69,7,10,90,-87,0,-42,0,-33,-1,1,-100,26,100,-50,45,0,-14,0,73,-29,-21,-46,58,0,48,9,5,-70,0,-29,0,100,-29,-52,0,3,0,0,31,-63,100,40,19,-100,-1,-100,90,100,27,254096,29,89,69,0,85
-21,-61,-76,4,100,-100,0,-11,0,15,-70,-61,-33,-23,-20,-52,50,0,-55,1,-31,7,-12,-58,41,0,-43,7,0,-6,0,-48,0,84,-29,-42,0,9,0,0,-13,9,-63,-100,19,100,-10,-14,70,100,76,254507,57,68,71,0,79
-54,-25,-23,16,90,48,0,-65,0,-6,-100,20,35,100,-10,-82,-29,0,-71,2,16,-31,-70,43,39,0,-93,11,15,63,0,31,0,88,17,22,0,7,0,0,-8,-84,22,58,1,100,7,7,56,100,41,254544,100,61,73,50,50
15,27,-31,1,93,-7,0,18,0,20,56,26,-100,-24,-40,-20,60,0,-44,1,-80,-12,-55,-31,-43,0,9,4,0,33,0,18,0,-6,-14,-86,0,4,0,0,-57,-74,29,93,10,97,-39,-100,15,100,71,255106,74,100,77,0,37
69,-20,35,25,34,31,0,-31,0,-58,-3,-52,90,62,87,-33,-46,0,20,2,-78,-99,-27,-54,30,0,84,4,8,20,0,26,0,-29,1,-10,0,10,0,0,-10,11,-22,3,19,36,-35,-63,100,100,65,255155,61,25,90,0,19
-89,-1,67,8,-43,63,0,54,0,-20,77,-26,42,95,82,38,50,0,-35,2,-100,50,-16,-28,-35,0,-69,1,7,38,0,-16,0,46,57,-52,0,2,0,0,-23,97,93,57,13,23,6,74,32,100,69,257025,18,78,98,0,84
3,100,-22,16,86,-16,0,-88,0,-69,100,-100,100,-44,100,-100,26,0,-16,1,-100,3,3,-31,50,0,28,4,1,-82,0,46,0,-52,-57,-10,0,5,0,0,58,61,16,100,10,-3,-10,46,73,100,65,257289,44,100,100,70,37
43,35,41,9,5,45,0,-25,0,-8,100,-23,71,-12,75,11,-36,0,-12,5,-1,-23,45,-20,31,0,63,12,0,-80,0,7,0,-100,-74,84,0,2,0,0,11,100,-100,-100,7,100,-31,-69,86,100,57,257470,78,52,67,0,7
54,28,-21,2,64,49,0,7,0,54,-100,-12,32,7,-100,-25,22,0,56,3,30,5,-38,5,40,0,-21,4,7,83,0,19,0,-27,-2,-29,0,4,0,0,-36,41,-8,-21,7,5,28,-25,81,100,62,258171,63,69,67,0,70
-29,41,-85,10,13,-74,0,-14,0,15,-100,7,100,-55,-23,7,17,0,30,6,-27,-6,-36,-17,-19,0,58,1,17,90,0,30,0,-100,-14,-4,0,8,0,0,-23,-100,-31,29,7,71,-61,11,57,100,44,258271,51,86,31,0,15
-6,24,9,20,100,-44,0,-62,0,9,3,-79,-86,56,28,48,-35,0,-21,1,-57,28,-42,7,75,0,63,12,0,62,0,-1,0,39,20,90,0,6,0,0,-100,-50,14,-44,6,-16,-12,-84,72,100,45,258485,96,78,56,0,82
16,-28,-40,22,63,65,0,-10,0,-55,-19,-64,83,30,-16,-91,-68,0,3,4,-82,-57,-21,-66,76,0,-69,1,18,45,0,0,0,100,13,-28,0,8,0,0,-30,-15,38,-84,5,100,55,-91,93,100,51,258490,34,81,90,92,78
-67,-35,-44,0,100,-14,0,18,0,18,-100,-69,100,100,20,35,0,0,33,4,-72,58,-69,35,34,0,-46,4,0,100,0,31,0,100,11,-33,0,6,0,0,-89,-36,82,-100,6,94,-31,14,65,100,66,258652,88,47,87,0,100
4,89,-68,25,100,-100,0,27,0,-18,-47,-69,12,74,100,-75,25,0,-83,1,-10,80,-18,-9,72,0,-5,8,7,9,0,38,0,100,8,-100,0,11,0,0,-70,34,100,-100,6,-100,-9,-36,43,100,92,258730,66,57,78,79,83
-100,-37,-14,19,67,100,0,-99,0,-38,-78,-52,-8,100,-23,-87,26,0,-12,8,-31,58,-8,-5,54,0,-100,10,17,100,0,-50,0,-100,31,-84,0,7,0,0,-20,-46,54,3,7,49,29,58,81,100,83,258923,78,44,38,0,88
36,-14,35,19,50,-76,0,-58,0,16,67,1,9,23,-36,32,0,0,13,3,-76,48,31,-1,-27,0,22,5,1,26,0,32,0,35,25,-36,0,6,0,0,86,19,90,-44,6,100,9,40,31,100,47,259191,78,45,17,0,63
84,35,52,9,100,58,0,-10,0,-14,-65,-12,22,56,69,-18,-20,0,-100,4,-16,-40,26,-1,56,0,16,12,17,-100,0,35,0,-8,37,67,0,4,0,0,-40,-40,16,-100,4,100,-23,81,44,100,55,259233,84,89,84,0,92
-52,-23,60,19,61,17,0,55,0,60,-25,-41,8,11,-36,58,-24,0,9,6,-69,58,33,3,63,0,-14,7,15,-91,0,-46,0,-48,5,41,0,6,0,0,13,-28,71,34,19,6,39,-16,31,100,35,259521,24,16,37,0,18
26,47,-3,10,99,49,0,75,0,-27,13,43,16,9,-30,31,56,0,4,2,5,-19,37,-72,48,0,22,4,2,100,0,-6,0,100,22,-31,0,0,0,0,-44,-100,7,47,0,79,-10,5,47,100,76,259858,52,81,100,0,83
9,30,-38,4,57,58,0,-30,0,11,-49,-11,49,64,-68,-66,-40,0,-47,0,-69,-10,-40,4,29,0,33,3,8,0,0,28,0,22,0,-64,0,6,0,0,-32,-46,-57,-68,6,100,6,34,99,100,85,260105,67,20,46,0,68
-71,58,5,22,72,43,0,-11,0,1,-57,-77,27,61,-48,-41,16,0,18,1,-100,-48,-8,23,20,0,10,4,17,100,0,12,0,33,20,-100,0,7,0,0,-100,-82,27,-13,0,-75,-25,-100,82,100,28,260340,45,92,87,76,80
66,43,85,10,73,41,0,-81,0,-41,-100,31,8,85,-29,-100,37,0,-17,2,-2,-2,0,-70,72,0,48,4,15,89,0,12,0,-2,58,-100,0,9,0,0,33,48,100,77,0,100,-19,41,79,100,74,260407,86,72,52,0,89
4,-35,-90,8,17,72,0,12,0,-56,-11,-92,78,0,-100,-11,58,0,-10,2,-71,85,-64,-40,-2,0,-24,12,7,42,0,16,0,100,-26,-82,0,6,0,0,-100,-100,23,-46,7,-62,-13,-58,51,100,24,260463,58,80,84,0,29
0,-21,-71,3,84,45,0,-72,0,-72,-42,-29,-57,30,-62,-82,-100,0,-49,2,37,30,47,-46,32,0,-40,6,17,-23,0,28,0,-10,-70,-100,0,4,0,0,27,-86,15,57,19,78,25,-50,100,100,89,260546,100,76,32,0,72
-82,0,73,2,0,94,0,-21,0,-12,62,-74,0,-6,18,-10,-63,0,35,3,41,54,-2,5,-8,0,-4,9,0,73,0,-19,0,-23,-10,47,0,1,0,0,-65,7,-86,100,7,100,-14,86,77,100,43,261204,52,69,67,0,70
1,47,-27,0,90,-100,0,-55,0,-23,54,0,60,28,-4,11,24,0,28,2,-34,-19,-21,-10,32,0,7,12,14,32,0,19,0,-72,-21,58,0,6,0,0,-49,-61,73,-100,0,100,9,-100,76,100,62,261249,68,82,20,0,83
12,41,-7,1,50,-16,0,-42,0,73,-54,7,-97,39,56,26,-8,0,-8,3,5,3,-38,35,-29,0,23,4,0,71,0,60,0,-48,32,52,0,11,0,0,29,5,13,37,7,100,-50,-100,71,100,47,261654,61,85,81,0,100
-18,-89,-54,0,73,-31,0,-48,0,-35,33,-54,-100,7,-8,-52,-100,0,-56,3,-100,54,-63,-50,71,0,-86,4,0,-33,0,24,0,-31,3,-27,0,9,0,0,-40,34,-42,62,6,92,-8,-31,100,100,58,262500,82,52,68,0,78
-16,-19,-55,19,28,52,0,11,0,31,-55,-23,-10,-38,-37,22,-21,0,50,4,-72,-42,-39,-35,58,0,-73,5,2,-18,0,6,0,-16,-69,-80,0,10,0,0,13,33,-71,-67,6,28,-38,43,100,100,33,264388,45,34,50,0,31
-11,74,-22,2,34,57,0,45,0,-44,-36,-48,-23,-5,84,-40,40,0,-52,2,-18,-7,-5,-61,3,0,-68,2,15,27,0,38,0,90,-34,-80,0,6,0,0,44,-96,17,100,2,100,52,-32,77,100,60,265057,93,85,88,36,85
-40,-55,-35,12,47,62,0,-55,0,-66,38,-49,22,13,7,7,-64,0,43,6,-42,27,6,-100,-11,0,17,12,0,45,0,-55,0,36,-42,43,0,0,0,0,-100,-13,28,-79,4,98,43,-42,70,100,49,265526,88,79,100,0,100
11,41,-49,0,100,18,0,-12,0,-13,4,3,100,38,8,-4,25,0,-30,2,-26,-23,-62,-43,-23,0,-27,6,15,60,0,16,0,68,11,-51,0,4,0,0,-60,-87,0,-100,4,100,-31,13,51,100,67,265578,87,100,86,100,87
-93,-14,-44,0,28,69,0,9,0,22,-100,-100,-78,100,100,16,43,0,-16,4,-100,-4,-57,41,30,0,22,1,11,31,0,-10,0,23,-17,-37,0,7,0,0,-12,-58,41,64,1,10,-61,-62,48,100,69,265906,100,40,35,6,100
-77,-17,-58,2,11,-18,0,-20,0,-10,-63,-88,77,49,100,20,1,0,-100,6,-100,-2,-44,28,31,0,-32,8,0,92,0,1,0,-23,-6,-52,0,6,0,0,-52,-74,-60,73,7,-40,5,29,25,100,17,266157,58,31,94,0,31
-72,-18,-9,6,100,-60,0,63,0,-30,8,-94,0,-9,-5,44,10,0,-5,2,-26,50,-9,2,76,0,6,11,8,6,0,16,0,-58,-39,-96,0,6,0,0,14,-41,97,57,7,100,16,18,96,100,70,266160,68,70,80,0,44
-69,49,-72,19,100,8,0,-19,0,36,99,-60,-100,21,-4,-26,-47,0,72,2,-45,51,-21,-32,77,0,32,0,0,-76,0,-51,0,56,-6,13,0,6,0,0,-36,-11,100,-46,7,-62,28,-32,58,100,55,266436,58,80,28,0,76
100,65,26,10,33,92,0,-33,0,-58,100,37,0,-18,-100,-1,-1,0,-25,1,-16,29,-6,-42,11,0,37,7,4,73,0,33,0,24,-22,-35,0,12,0,0,14,100,-54,-18,1,22,13,100,86,100,40,266568,47,84,62,87,73
-47,-58,6,0,-52,-22,0,-69,0,-9,-22,9,63,-26,-37,-79,-49,0,5,3,-46,-20,-7,-24,-7,0,19,7,0,100,0,-62,0,3,8,35,0,10,0,0,-49,-28,-100,-31,7,100,-28,-100,83,100,57,266624,98,75,90,0,81
-57,11,-62,10,92,-61,0,-34,0,44,-52,-52,0,18,-71,60,-17,0,8,2,-100,80,2,14,72,0,23,7,2,38,0,-76,0,-64,11,12,0,10,0,0,-91,-16,100,64,1,52,-10,18,89,100,98,266949,60,85,40,0,37
0,76,-7,0,45,60,0,-7,0,-30,-51,-55,0,-2,100,19,-2,0,-75,4,-23,-21,-62,-26,43,0,-15,0,2,43,0,-21,0,44,-13,-98,0,1,0,0,-23,-19,-4,64,6,-32,10,49,62,100,93,267976,100,100,97,100,71
-55,-57,-76,8,49,-31,0,-31,0,-39,-27,-36,-76,52,-16,-52,11,0,-80,3,-48,11,-85,18,29,0,-52,3,17,40,0,-68,0,-14,-60,-100,0,10,0,0,-97,-29,-3,-35,0,-88,-5,-65,91,100,20,268940,30,57,87,0,70
14,-50,-92,1,-37,86,0,12,0,50,-37,-28,55,-36,-96,6,50,0,8,6,-73,62,17,-17,62,0,33,4,18,-7,0,-1,0,100,26,-100,0,5,0,0,63,-73,-40,18,8,89,-77,-46,2,100,58,269423,51,51,87,0,45
-12,100,-44,4,62,54,0,22,0,-34,-4,26,-6,-4,-91,-34,28,0,26,8,-34,-38,-58,-52,56,0,37,5,8,-32,0,11,0,73,-58,-44,0,7,0,0,-66,-63,81,97,7,100,-19,26,92,100,52,269643,78,58,83,48,85
0,-30,-63,0,81,-100,0,-35,0,-78,-35,32,41,-2,-11,-45,-47,0,-31,2,-42,30,-40,-48,79,0,-84,12,15,-8,0,-92,0,-100,-30,-70,0,2,0,0,-45,71,5,41,6,-8,44,-4,64,100,5,269859,78,80,81,0,84
14,-71,-3,3,63,62,0,29,0,-33,-45,24,-100,100,35,50,78,0,16,1,-96,-31,-23,-9,42,0,-7,11,10,100,0,48,0,100,25,40,0,7,0,0,-100,-11,31,23,7,100,-20,14,100,100,64,270301,68,61,37,0,86
99,-69,-29,12,80,50,0,-65,0,-23,-55,-72,100,33,35,-44,-78,0,56,1,37,-3,-70,-42,-39,0,-55,1,17,-88,0,11,0,-55,2,12,0,7,0,0,39,-63,95,-42,17,-100,1,-25,96,100,97,270409,47,82,82,0,100
1,-25,-58,8,22,54,0,10,0,41,52,-42,5,45,80,90,0,0,-3,1,9,52,5,14,-9,0,88,6,8,65,0,63,0,63,7,-39,0,9,0,0,14,-27,-37,100,7,100,-50,43,75,100,80,270673,88,100,100,0,100
100,-19,57,2,83,-47,0,-79,0,-34,-30,22,17,47,58,2,-51,0,-45,1,77,-70,25,4,65,0,-58,10,12,2,0,25,0,33,34,30,0,7,0,0,100,52,42,-58,7,-45,-4,-57,49,100,77,271222,76,100,75,0,56
-50,52,-100,19,90,-52,0,1,0,-12,-10,-6,-58,-29,30,24,18,0,35,6,24,-14,-25,-58,18,0,43,4,11,1,0,-20,0,-91,-24,-6,0,0,0,0,75,-21,62,37,7,100,-31,-100,87,100,41,271682,83,100,42,0,85
-58,26,-27,0,84,54,0,-31,0,-16,-100,-29,9,99,28,-100,56,0,100,8,-37,14,-40,11,60,0,-35,0,2,100,0,-25,0,100,62,-35,0,5,0,0,-100,31,-23,-50,6,11,12,-14,94,100,62,271755,70,62,88,100,82
4,-42,-42,12,70,-43,0,28,0,89,-79,-28,-21,34,49,100,52,0,-36,1,-43,-19,-26,28,23,0,0,4,22,51,0,-23,0,13,-15,-79,0,1,0,0,-100,-77,-82,7,6,14,-66,11,61,100,50,271916,100,56,58,66,70
-50,-40,-95,1,24,17,0,-31,0,-72,-100,-61,7,77,15,-48,-55,0,-61,8,-61,-19,-19,-14,28,0,7,1,3,5,0,-25,0,49,28,-100,0,6,0,0,-74,47,45,6,7,100,52,75,89,100,57,272449,85,90,83,0,75
100,46,-65,10,62,-100,0,20,0,-100,-100,43,3,100,100,-89,50,0,-75,4,-24,57,43,-31,41,0,-39,3,20,-64,0,20,0,24,-25,7,0,2,0,0,100,90,100,-42,1,100,18,3,8,100,77,274486,14,74,92,0,45
-74,-25,-25,16,58,-68,0,-80,0,-66,47,-49,41,30,54,-91,49,0,-21,1,-100,73,-19,9,7,0,-87,4,15,64,0,20,0,45,-15,-100,0,4,0,0,-100,-100,-51,100,16,96,-29,-55,52,100,55,274987,87,75,58,84,93
-38,100,-65,0,60,46,0,-86,0,16,45,-6,0,11,-21,38,26,0,22,1,-14,-44,26,26,31,0,-25,4,8,100,0,7,0,100,-12,30,0,10,0,0,-58,-52,-22,-46,0,69,35,-31,100,100,54,276085,55,100,80,0,92
71,-14,-18,8,84,-36,0,-6,0,-36,100,-24,100,-4,88,7,-35,0,54,6,16,61,-22,1,-7,0,58,8,1,-43,0,69,0,-100,-54,-100,0,6,0,0,-47,31,-20,94,5,-5,-49,-100,70,100,94,276493,50,79,80,0,54
62,-7,-35,8,23,25,0,-66,0,-24,100,10,0,91,63,-5,10,0,-45,2,-60,51,42,28,49,0,34,4,20,100,0,13,0,25,0,-100,0,12,0,0,-69,-60,72,90,10,17,38,10,57,100,29,276589,83,16,100,100,17
-34,-23,-24,10,0,-100,0,-12,0,2,-63,-19,100,-39,22,-63,19,0,-10,1,-3,56,-32,-75,15,0,7,9,1,95,0,14,0,-7,14,-63,0,0,0,0,-100,-44,-15,34,7,100,-54,-66,75,100,52,276880,82,89,66,0,77
-56,-23,10,2,99,-52,0,-16,0,20,-35,-1,-48,16,-91,9,27,0,-24,1,-100,-33,-24,-16,33,0,-9,12,0,50,0,11,0,-100,7,47,0,1,0,0,-78,14,-20,97,7,46,-52,-47,47,100,77,276949,96,23,63,0,0
47,-21,-91,10,7,-100,0,-57,0,-68,7,-4,-6,100,63,-6,24,0,-3,2,28,47,-25,-61,-12,0,-32,2,17,79,0,-27,0,-34,-78,-8,0,12,0,0,100,100,100,15,9,100,9,-100,80,100,65,277118,19,84,91,0,1
-36,-68,-18,0,29,48,0,-1,0,4,-18,6,69,68,58,-100,-45,0,-18,3,-100,14,-73,12,12,0,38,3,0,95,0,4,0,84,8,-3,0,8,0,0,-100,61,8,100,7,84,52,80,65,100,74,277179,100,86,74,0,75
9,-19,-22,4,-8,15,0,18,0,38,32,69,-22,14,37,50,42,0,73,8,-69,-37,-27,-25,29,0,33,12,12,0,0,2,0,29,-6,15,0,6,0,0,-74,-39,4,-85,19,25,-35,-100,23,100,74,277244,43,20,39,0,16
-16,45,-98,10,-33,-29,0,-19,0,6,-51,-69,-100,-7,-15,-48,61,0,-17,4,-79,16,-22,-17,18,0,-22,8,7,83,0,-37,0,-58,-26,-13,0,1,0,0,-50,-31,100,38,0,63,48,69,87,100,69,277264,60,85,100,0,70
42,84,1,0,31,48,0,58,0,-8,-10,-3,-3,3,16,26,-35,0,-78,8,-80,54,12,-39,-48,0,-16,5,0,52,0,16,0,-84,-9,-33,0,0,0,0,18,-82,37,14,3,22,14,-50,72,100,7,277797,100,100,100,100,100
-14,79,-29,19,100,-100,0,21,0,-8,0,9,92,9,-24,-27,-85,0,39,2,2,41,-10,-17,90,0,-75,8,8,-33,0,-19,0,9,-46,14,0,0,0,0,-17,-19,15,-68,6,100,83,24,73,100,86,277846,29,100,44,0,60
58,-16,-100,6,-13,44,0,9,0,-38,-70,23,-13,3,79,-55,39,0,24,4,-67,27,-36,-6,64,0,-3,10,10,-47,0,7,0,28,-31,-36,0,2,0,0,-32,-65,100,-72,6,75,-2,-20,95,100,79,278046,9,100,88,0,68
62,-48,-15,6,100,40,0,-72,0,-11,100,-25,-57,-13,24,51,-76,0,-32,1,-75,-81,-20,-4,87,0,66,4,11,-100,0,-51,0,30,-21,21,0,5,0,0,15,-38,45,-81,0,100,-48,-93,85,100,49,278172,82,32,93,0,80
-75,31,-56,0,42,0,0,31,0,-48,-90,0,8,27,-18,-96,-18,0,0,0,-1,15,0,-22,10,0,31,0,0,100,0,4,0,1,0,0,0,8,0,0,0,4,-33,0,0,0,42,0,100,100,100,278813,100,100,100,100,100
-98,-73,-20,0,-94,46,0,-70,0,-16,-100,-81,-97,26,65,-24,-23,0,22,1,-27,92,-28,14,-14,0,31,7,12,52,0,-76,0,-18,14,-69,0,2,0,0,6,-100,-47,80,0,31,-3,25,40,100,100,278923,55,76,72,0,84
-19,-8,-28,10,4,-100,0,-100,0,-2,-100,-43,62,19,15,-60,-36,0,23,1,-57,10,-21,-47,43,0,66,4,15,34,0,45,0,13,40,-11,0,10,0,0,-9,6,-26,40,0,-50,2,21,76,100,58,279036,10,91,74,16,69
-28,50,-69,0,99,-100,0,-69,0,-65,-100,-54,16,100,8,4,-99,0,18,8,-100,-39,-100,-33,-5,0,-100,4,4,100,0,-20,0,78,-20,-86,0,3,0,0,-41,21,67,-100,5,100,42,-100,94,100,50,279181,79,77,58,10,90
1,61,-37,10,100,-74,0,-52,0,16,-93,-12,58,16,-10,-31,-1,0,7,2,-70,-16,60,-46,84,0,69,4,18,100,0,29,0,100,86,69,0,9,0,0,-100,52,-69,-31,6,45,31,-45,84,100,76,279256,50,56,66,69,90
-15,-91,-63,19,88,62,0,-85,0,37,58,0,0,-6,-36,-51,37,0,26,7,-80,-31,-57,-8,22,0,20,2,2,77,0,-31,0,75,-14,-42,0,5,0,0,-14,-65,-38,71,19,98,28,9,100,100,100,279709,100,88,86,100,90
