homega,previousyeartableposition,homegf,currenttableposition,awaygf,awayga,teamshortform,hasachievedobjective,yettowin,unbeatenallcomps,unbeatenleague,champion,leagueid,prevleagueid,highestpossible,teamform,highestprobable,homewins,artificialkey,nummatchesplayed,teamid,grouping,awaywins,objective,points,actualvsexpectations,homelosses,unbeatenhome,lastgameresult,unbeatenaway,awaylosses,awaydraws,homedraws,teamlongform
10,5,23,2,21,10,0,0,0,0,0,0,1,1,0,0,0,7,0,22,269,0,7,10,47,0,2,0,0,0,1,3,2,0
12,9,15,6,13,20,0,0,0,0,0,0,1,1,0,0,0,5,1,22,270,8,3,3,27,0,4,0,2,0,7,1,2,0
14,3,14,5,12,7,0,0,0,0,0,0,1,1,0,0,0,5,2,22,271,8,4,8,36,0,3,0,0,0,1,6,3,0
22,8,8,7,17,10,0,0,0,0,0,0,1,1,0,0,0,0,3,22,272,3,6,3,24,0,8,0,2,0,2,3,3,0
9,1,22,3,23,14,0,0,0,0,0,1,1,1,0,0,0,7,4,22,819,10,7,0,45,0,3,0,0,0,2,2,1,0
11,11,11,11,8,15,0,0,0,0,0,0,1,1,0,0,0,3,5,22,822,4,1,5,19,0,5,0,2,0,6,4,3,0
14,4,17,9,7,23,0,0,0,0,0,0,1,1,0,0,0,5,6,22,1443,3,1,3,23,0,3,0,2,0,8,2,3,0
7,7,22,1,21,16,0,0,0,0,0,0,1,1,0,0,0,8,7,22,1516,10,7,0,48,0,1,0,0,0,3,1,2,0
16,6,10,10,13,21,0,0,0,0,0,0,1,1,0,0,0,3,8,22,1786,5,2,3,23,0,4,0,1,0,5,4,4,0
9,2,20,4,15,12,0,0,0,0,0,0,1,1,0,0,0,6,9,22,1788,10,4,10,37,0,1,0,1,0,4,3,4,0
27,12,8,12,9,18,0,0,0,0,0,0,1,1,0,0,0,0,10,22,2002,4,2,5,11,0,9,0,2,0,6,3,2,0
16,10,19,8,8,23,0,0,0,0,0,0,1,1,0,0,0,4,11,22,15001,5,2,5,23,0,3,0,0,0,8,1,4,0
13,11,30,2,28,17,0,0,0,0,0,0,4,4,0,0,0,11,12,30,229,10,7,10,63,0,1,0,2,0,2,6,3,0
10,3,34,3,21,17,0,0,0,0,0,1,4,4,0,0,0,9,13,30,230,10,5,0,52,0,1,0,1,0,5,5,5,0
14,4,35,4,27,15,0,0,0,0,0,0,4,4,0,0,0,8,14,30,231,10,6,0,51,0,1,0,2,0,6,3,6,0
12,6,18,10,15,29,0,0,0,0,0,0,4,4,0,0,0,6,15,30,232,3,2,10,34,0,4,0,0,0,8,5,5,0
23,9,20,13,6,25,0,0,0,0,0,0,4,4,0,0,0,6,16,30,670,5,1,10,29,0,5,0,2,0,10,4,4,0
17,1,28,6,23,14,0,0,0,0,0,0,4,4,0,0,0,6,17,30,673,10,6,0,47,0,3,0,1,0,4,5,6,0
18,5,34,7,19,20,0,0,0,0,0,0,4,4,0,0,0,7,18,30,674,8,5,8,47,0,2,0,0,0,5,5,6,0
14,12,18,9,17,32,0,0,0,0,0,0,4,4,0,0,0,8,19,30,680,3,2,8,40,0,3,0,0,0,7,6,4,0
27,7,21,11,21,27,0,0,0,0,0,0,4,4,0,0,0,5,20,30,681,3,2,3,30,0,8,0,1,0,6,7,2,0
18,8,27,5,17,16,0,0,0,0,0,0,4,4,0,0,0,8,21,30,1750,10,6,10,47,0,5,0,0,0,6,3,2,0
28,15,15,14,9,30,0,0,0,0,0,0,4,4,0,0,0,4,22,30,2013,5,3,4,24,0,9,0,2,0,11,1,2,0
16,2,34,1,29,15,0,0,0,0,0,0,4,4,0,0,0,11,23,30,2014,0,10,10,70,0,1,0,1,0,1,4,3,0
28,16,15,16,16,39,0,0,0,0,0,0,4,4,0,0,0,3,24,30,8001,4,2,4,23,0,6,0,2,0,11,2,6,0
24,14,13,15,9,33,0,0,0,0,0,0,4,4,0,0,0,4,25,30,100081,4,2,4,24,0,8,0,0,0,10,3,3,0
15,10,19,12,15,32,0,0,0,0,0,0,4,4,0,0,0,5,26,30,100087,3,2,3,29,0,6,0,0,0,9,4,4,0
12,13,22,8,17,22,0,0,0,0,0,0,4,4,0,0,0,7,27,30,110724,8,6,4,45,0,4,0,2,0,7,2,4,0
17,3,31,5,26,30,0,0,0,0,0,0,10,10,0,0,0,7,28,26,245,8,4,0,41,0,2,0,1,0,5,4,4,0
8,1,32,2,34,13,0,0,0,0,0,1,10,10,0,0,0,9,29,26,246,10,10,0,62,0,1,0,0,0,1,2,3,0
7,2,36,1,45,6,0,0,0,0,1,0,10,10,0,0,0,12,30,26,247,0,11,0,72,0,0,1,0,1,0,2,1,0
17,13,25,9,8,27,0,0,0,0,0,0,10,10,0,0,0,7,31,26,634,3,2,3,34,0,3,0,0,0,7,4,3,0
36,14,11,18,15,31,0,0,0,0,0,0,10,10,0,0,0,2,32,26,645,4,1,5,14,0,10,0,2,0,8,4,1,0
20,7,21,8,10,13,0,0,0,0,0,0,10,10,0,0,0,5,33,26,1903,8,4,8,36,0,3,0,0,0,5,4,5,0
21,9,16,16,8,22,0,0,0,0,0,0,10,10,0,0,0,4,34,26,1905,5,2,5,22,0,7,0,1,0,9,2,2,0
12,4,31,4,22,11,0,0,0,0,0,0,10,10,0,0,0,8,35,26,1906,10,6,10,49,0,3,0,0,0,2,5,2,0
14,5,27,3,22,11,0,0,0,0,0,0,10,10,0,0,0,10,36,26,1908,10,6,10,53,0,2,0,2,0,3,4,1,0
19,10,9,17,12,34,0,0,0,0,0,0,10,10,0,0,0,1,37,26,1909,4,3,3,17,0,7,0,1,0,10,0,5,0
16,12,28,6,22,24,0,0,0,0,0,0,10,10,0,0,0,7,38,26,1910,8,3,3,39,0,3,0,2,0,4,6,3,0
19,8,24,11,18,30,0,0,0,0,0,0,10,10,0,0,0,6,39,26,1913,3,3,8,31,0,5,0,2,0,8,2,2,0
24,17,12,13,22,23,0,0,0,0,0,0,10,10,0,0,0,3,40,26,1914,3,4,5,28,0,7,0,2,0,5,4,3,0
22,15,18,15,21,35,0,0,0,0,0,0,10,10,0,0,0,2,41,26,1971,3,2,5,22,0,4,0,1,0,8,3,7,0
16,11,26,7,12,19,0,0,0,0,0,0,10,10,0,0,0,6,42,26,100632,8,4,3,37,0,4,0,2,0,5,4,3,0
28,16,20,14,13,30,0,0,0,0,0,0,10,10,0,0,0,5,43,26,100634,3,2,5,26,0,5,0,0,0,9,2,3,0
22,6,17,10,16,16,0,0,0,0,0,0,10,10,0,0,0,3,44,26,100646,3,5,3,31,0,5,0,1,0,6,2,5,0
21,18,13,12,13,22,0,0,0,0,0,0,10,10,0,0,0,3,45,26,111380,3,4,5,30,0,5,0,1,0,5,4,5,0
13,2,36,1,34,11,0,0,0,0,0,0,13,13,0,0,0,11,46,28,1,0,9,1,64,0,1,0,0,0,3,2,2,0
19,7,35,4,25,23,0,0,0,0,0,0,13,13,0,0,0,10,47,29,2,1,7,2,56,0,3,0,1,0,4,4,1,0
20,12,23,11,24,25,0,0,0,0,0,0,13,13,0,0,0,6,48,27,5,3,5,1,39,0,4,0,0,0,6,3,3,0
18,17,15,16,14,21,0,0,0,0,0,0,13,13,0,0,0,3,49,28,7,5,5,3,25,0,7,0,2,0,6,3,4,0
12,5,38,2,27,14,0,0,0,0,0,0,13,13,0,0,0,11,50,28,9,1,8,0,64,0,0,1,1,0,2,4,3,0
12,1,34,3,29,16,0,0,0,0,0,1,13,13,0,0,0,10,51,28,10,1,9,0,63,0,0,1,1,0,3,2,4,0
20,3,21,6,18,19,0,0,0,0,0,0,13,13,0,0,0,8,52,28,11,3,7,0,47,0,5,0,0,0,6,1,1,0
16,4,34,10,25,32,0,0,0,0,0,0,13,13,0,0,0,9,53,28,13,3,3,1,40,0,3,0,2,0,9,2,2,0
21,16,19,18,16,30,0,0,0,0,0,0,13,13,0,0,0,4,54,29,14,5,2,4,21,0,7,0,1,0,9,4,3,0
19,8,29,5,30,23,0,0,0,0,0,0,13,13,0,0,0,10,55,28,18,2,6,1,53,0,4,0,2,0,3,5,0,0
22,14,25,7,21,28,0,0,0,0,0,0,13,13,0,0,0,6,56,29,19,3,6,2,44,0,3,0,1,0,6,2,6,0
21,13,22,9,20,23,0,0,0,0,0,0,13,13,0,0,0,7,57,28,110,3,5,3,41,0,4,0,0,0,7,2,3,0
15,10,29,12,14,29,0,0,0,0,0,0,13,13,0,0,0,9,58,29,144,3,2,3,38,0,5,0,0,0,8,4,1,0
42,2,12,20,12,32,0,0,0,0,0,0,13,14,0,0,0,2,59,28,1794,4,1,4,14,0,10,0,1,0,10,3,2,0
35,1,15,19,14,28,0,0,0,0,0,1,13,14,0,0,0,2,60,29,1796,4,2,4,17,0,11,0,0,0,9,3,2,0
20,11,19,14,14,28,0,0,0,0,0,0,13,13,0,0,0,4,61,28,1799,3,3,3,29,0,6,0,1,0,7,4,4,0
16,6,28,8,22,28,0,0,0,0,0,0,13,13,0,0,0,7,62,28,1808,3,4,2,42,0,1,0,0,0,7,3,6,0
26,3,22,17,20,34,0,0,0,0,0,0,13,14,0,0,0,3,63,29,1923,4,2,4,22,0,9,0,1,0,8,4,3,0
29,9,24,15,17,25,0,0,0,0,0,0,13,13,0,0,0,4,64,29,1925,5,3,3,26,0,6,0,2,0,11,1,4,0
23,15,18,13,23,29,0,0,0,0,0,0,13,13,0,0,0,4,65,28,1943,3,5,4,35,0,5,0,0,0,6,3,5,0
30,7,26,17,25,34,0,0,0,0,0,0,14,14,0,0,0,6,66,38,3,5,5,7,42,0,8,0,1,0,10,4,5,0
12,18,41,1,29,16,0,0,0,0,0,0,14,13,0,0,0,15,67,38,8,6,10,6,82,0,0,1,0,0,6,3,4,0
21,4,20,10,33,31,0,0,0,0,0,0,14,14,0,0,0,7,68,38,12,3,9,7,54,0,8,0,1,0,8,2,4,0
29,20,21,20,15,21,0,0,0,0,0,0,14,14,0,0,0,4,69,38,15,5,6,3,40,0,9,0,1,0,9,4,6,0
24,20,45,4,28,23,0,0,0,0,0,0,14,13,0,0,0,12,70,36,17,7,10,6,73,0,4,0,0,0,3,5,2,0
24,17,26,21,16,35,0,0,0,0,0,0,14,14,0,0,0,7,71,38,88,5,3,3,39,0,6,0,2,0,13,3,6,0
29,2,53,3,27,20,0,0,0,0,0,0,14,60,0,0,0,14,72,38,94,7,10,3,81,0,1,0,0,0,4,5,4,0
13,19,35,2,39,20,0,0,0,0,0,0,14,13,0,0,0,13,73,37,95,6,13,6,82,0,4,0,1,0,3,3,1,0
27,8,16,16,20,23,0,0,0,0,0,0,14,14,0,0,0,6,74,38,97,3,5,8,43,0,9,0,2,0,8,6,4,0
22,6,29,12,19,23,0,0,0,0,0,0,14,14,0,0,0,10,75,38,106,3,4,8,48,0,8,0,1,0,10,5,1,0
14,9,31,5,28,22,0,0,0,0,0,0,14,14,0,0,0,13,76,38,109,7,6,8,66,0,3,0,0,0,7,6,3,0
18,13,37,6,32,36,0,0,0,0,0,0,14,14,0,0,0,13,77,38,1792,7,5,7,61,0,4,0,0,0,9,5,2,0
26,11,29,13,24,25,0,0,0,0,0,0,14,14,0,0,0,5,78,38,1795,3,7,8,48,0,8,0,0,0,6,6,6,0
24,19,17,24,13,53,0,0,0,0,0,0,14,14,0,0,0,3,79,38,1797,4,0,4,20,0,9,0,1,0,15,4,7,0
17,5,29,8,30,26,0,0,0,0,0,0,14,14,0,0,0,8,80,37,1800,8,7,3,57,0,2,0,0,0,8,4,8,0
31,12,28,9,21,23,0,0,0,0,0,0,14,14,0,0,0,9,81,37,1801,3,7,3,56,0,6,0,0,0,7,4,4,0
24,16,14,19,21,29,0,0,0,0,0,0,14,14,0,0,0,6,82,38,1806,5,5,3,41,0,9,0,2,0,10,4,4,0
23,3,20,23,10,38,0,0,0,0,0,0,14,60,0,0,0,7,83,38,1807,4,4,4,38,0,8,0,2,0,14,1,4,0
20,14,22,14,20,25,0,0,0,0,0,0,14,14,0,0,0,8,84,38,1919,3,5,7,47,0,8,0,2,0,9,5,3,0
33,1,38,18,16,29,0,0,0,0,0,1,14,60,0,0,0,8,85,38,1929,5,2,4,41,0,7,0,2,0,10,7,4,0
28,18,23,22,19,33,0,0,0,0,0,0,14,14,0,0,0,5,86,38,1939,4,3,4,39,0,7,0,1,0,8,8,7,0
20,15,27,7,26,26,0,0,0,0,0,0,14,14,0,0,0,7,87,37,1952,8,9,8,58,0,5,0,1,0,6,3,7,0
26,10,22,15,26,32,0,0,0,0,0,0,14,14,0,0,0,6,88,38,1960,3,6,8,46,0,8,0,0,0,8,5,5,0
22,21,23,11,20,29,0,0,0,0,0,0,14,14,0,0,0,9,89,38,1961,3,7,3,53,0,7,0,2,0,10,2,3,0
15,2,21,6,14,12,0,0,0,0,0,0,16,16,0,0,0,7,90,26,64,3,5,2,42,0,4,0,2,0,4,4,2,0
6,5,23,4,14,17,0,0,0,0,0,0,16,16,0,0,0,8,91,26,65,2,3,2,43,0,1,0,1,0,4,7,3,0
22,7,15,10,15,18,0,0,0,0,0,0,16,16,0,0,0,4,92,26,66,3,6,1,34,0,6,0,0,0,6,1,3,0
14,2,10,17,13,25,0,0,0,0,0,0,16,17,0,0,0,2,93,26,68,4,4,4,23,0,7,0,2,0,8,2,3,0
13,6,20,3,27,23,0,0,0,0,0,0,16,16,0,0,0,6,94,26,69,1,7,1,46,0,4,0,1,0,2,4,3,0
20,12,17,14,14,20,0,0,0,0,0,0,16,16,0,0,0,2,95,26,70,5,4,3,26,0,4,0,2,0,7,1,8,0
22,16,15,16,9,19,0,0,0,0,0,0,16,16,0,0,0,3,96,26,71,5,4,3,25,0,8,0,2,0,7,1,3,0
7,9,15,5,12,13,0,0,0,0,0,0,16,16,0,0,0,7,97,26,72,2,5,2,43,0,2,0,0,0,5,3,4,0
14,1,33,1,29,9,0,0,0,0,0,1,16,16,0,0,0,8,98,26,73,0,9,0,59,0,1,0,0,1,0,4,4,0
18,4,28,8,12,13,0,0,0,0,0,0,16,16,0,0,0,7,99,26,74,3,3,1,39,0,4,0,0,0,3,6,3,0
18,15,14,12,14,21,0,0,0,0,0,0,16,16,0,0,0,4,100,26,76,3,3,3,29,0,6,0,0,0,5,5,3,0
23,10,19,15,16,26,0,0,0,0,0,0,16,16,0,0,0,3,101,26,217,5,3,3,26,0,6,0,1,0,6,4,4,0
7,3,24,7,16,21,0,0,0,0,0,0,16,16,0,0,0,8,102,26,219,3,2,1,39,0,0,1,2,0,7,4,5,0
8,14,20,2,16,12,0,0,0,0,0,0,16,16,0,0,0,7,103,26,378,1,6,4,47,0,1,0,1,0,4,3,5,0
15,11,15,9,19,20,0,0,0,0,0,0,16,16,0,0,0,6,104,26,379,3,5,3,38,0,5,0,0,0,5,3,2,0
12,1,14,13,12,21,0,0,0,0,0,1,16,17,0,0,0,5,105,26,1738,3,1,4,27,0,5,0,2,0,6,7,2,0
18,13,18,11,11,18,0,0,0,0,0,0,16,16,0,0,0,3,106,26,1809,3,4,3,29,0,5,0,2,0,6,3,5,0
21,8,9,18,10,22,0,0,0,0,0,0,16,16,0,0,0,2,107,26,1815,4,2,4,20,0,7,0,0,0,7,4,4,0
13,17,27,1,26,15,0,0,0,0,0,0,17,16,0,0,0,8,108,29,57,6,7,6,55,0,2,0,0,0,2,5,5,0
19,4,17,16,12,18,0,0,0,0,0,0,17,17,0,0,0,7,109,29,58,5,2,3,33,0,5,0,2,0,8,4,3,0
11,3,17,13,15,26,0,0,0,0,0,0,17,17,0,0,0,7,110,29,59,3,3,6,37,0,3,0,2,0,8,4,4,0
15,6,21,6,16,16,0,0,0,0,0,0,17,17,0,0,0,5,111,29,62,8,6,8,42,0,4,0,0,0,5,4,5,0
10,5,18,8,21,27,0,0,0,0,0,0,17,17,0,0,0,7,112,29,210,3,5,8,42,0,4,0,2,0,7,3,3,0
17,19,22,15,11,19,0,0,0,0,0,0,17,16,0,0,0,7,113,29,294,5,1,6,35,0,5,0,1,0,5,9,2,0
9,18,20,12,8,24,0,0,0,0,0,0,17,16,0,0,0,8,114,29,614,3,2,7,38,0,1,0,2,0,10,3,5,0
12,20,26,2,16,20,0,0,0,0,0,0,17,16,0,0,0,11,115,29,1530,6,4,6,50,0,2,0,2,0,7,3,2,0
15,10,20,10,16,18,0,0,0,0,0,0,17,17,0,0,0,6,116,29,1805,3,4,3,40,0,3,0,2,0,6,5,5,0
20,15,16,4,19,9,0,0,0,0,0,0,17,17,0,0,0,5,117,29,1814,7,8,5,48,0,5,0,2,0,2,4,5,0
12,12,15,9,11,15,0,0,0,0,0,0,17,17,0,0,0,5,118,29,1816,3,5,3,42,0,2,0,0,0,5,4,8,0
12,8,19,3,17,11,0,0,0,0,0,0,17,17,0,0,0,7,119,29,1819,7,7,7,48,0,5,0,0,0,4,3,3,0
22,13,26,11,16,20,0,0,0,0,0,0,17,17,0,0,0,6,120,29,110321,3,4,5,40,0,4,0,0,0,5,5,5,0
17,16,9,20,8,23,0,0,0,0,0,0,17,17,0,0,0,1,121,29,110456,4,1,3,17,0,7,0,2,0,9,5,6,0
22,20,12,14,17,18,0,0,0,0,0,0,17,17,0,0,0,4,122,29,111276,3,6,5,37,0,8,0,0,0,4,4,3,0
16,14,26,5,21,24,0,0,0,0,0,0,17,17,0,0,0,7,123,29,111659,7,4,3,43,0,2,0,0,0,6,5,5,0
15,7,20,7,14,15,0,0,0,0,0,0,17,17,0,0,0,6,124,29,111817,3,5,3,42,0,5,0,0,0,4,5,4,0
16,11,13,19,22,22,0,0,0,0,0,0,17,17,0,0,0,2,125,29,112552,4,3,5,28,0,6,0,1,0,5,7,6,0
23,19,16,17,14,17,0,0,0,0,0,0,17,17,0,0,0,4,126,29,113742,4,5,5,33,0,7,0,2,0,7,3,3,0
21,21,16,18,17,19,0,0,0,0,0,0,17,17,0,0,0,3,127,29,131447,4,4,5,30,0,6,0,0,0,7,3,6,0
9,1,47,2,31,22,0,0,0,0,0,1,19,19,0,0,0,11,128,26,21,1,8,0,60,0,1,0,0,0,3,2,1,0
19,2,27,4,26,13,0,0,0,0,0,0,19,19,0,0,0,8,129,26,22,1,6,0,50,0,3,0,0,0,1,6,2,0
20,10,25,12,21,30,0,0,0,0,0,0,19,19,0,0,0,5,130,26,23,3,1,3,28,0,4,0,1,0,6,6,4,0
22,5,24,9,12,26,0,0,0,0,0,0,19,19,0,0,0,5,131,26,25,3,4,3,33,0,3,0,2,0,8,1,5,0
23,11,10,17,10,24,0,0,0,0,0,0,19,19,0,0,0,2,132,26,31,5,1,3,18,0,8,0,2,0,6,6,3,0
7,6,36,1,30,11,0,0,0,1,1,0,19,19,0,0,0,11,133,26,32,0,11,1,70,0,0,1,0,1,0,2,2,0
11,16,37,3,23,20,0,0,0,0,0,0,19,19,0,0,0,10,134,26,36,1,8,3,56,0,1,0,0,0,5,0,2,0
20,13,21,10,14,21,0,0,0,0,0,0,19,19,0,0,0,5,135,26,38,3,3,3,30,0,5,0,2,0,7,3,3,0
19,14,20,15,10,35,0,0,0,0,0,0,19,19,0,0,0,4,136,26,160,5,1,4,25,0,3,0,2,0,8,4,6,0
16,9,11,16,11,30,0,0,0,0,0,0,19,19,0,0,0,3,137,26,169,4,0,3,19,0,6,0,0,0,7,6,4,0
19,8,19,14,12,25,0,0,0,0,0,0,19,19,0,0,0,4,138,26,175,3,2,2,25,0,5,0,2,0,8,3,4,0
12,7,22,6,20,23,0,0,0,0,0,0,19,19,0,0,0,6,139,26,1824,2,4,2,40,0,1,0,2,0,5,5,5,0
19,4,16,13,9,23,0,0,0,0,0,0,19,19,0,0,0,6,140,26,1831,5,2,3,28,0,5,0,0,0,9,2,2,0
24,12,19,8,25,26,0,0,0,0,0,0,19,19,0,0,0,3,141,26,10029,3,6,3,33,0,6,0,2,0,5,2,4,0
21,15,23,7,20,21,0,0,0,0,0,0,19,19,0,0,0,5,142,26,100409,3,4,3,35,0,3,0,0,0,6,3,5,0
36,2,15,18,11,29,0,0,0,0,0,0,19,20,0,0,0,1,143,26,110502,4,1,4,13,0,10,0,2,0,7,4,3,0
20,1,21,11,14,24,0,0,0,0,0,1,19,20,0,0,0,5,144,26,111235,3,2,4,29,0,4,0,1,0,7,4,4,0
10,3,32,5,28,22,0,0,0,0,0,0,19,19,0,0,0,9,145,26,112172,2,6,1,49,0,2,0,0,0,5,2,2,0
20,13,15,16,9,21,0,0,0,0,0,0,20,20,0,0,0,5,146,26,27,5,3,3,28,0,6,0,0,0,8,2,2,0
16,3,29,3,21,21,0,0,0,0,0,0,20,20,0,0,0,9,147,26,28,7,4,6,44,0,4,0,0,0,4,5,0,0
26,9,25,15,17,25,0,0,0,0,0,0,20,20,0,0,0,6,148,26,29,5,2,3,29,0,6,0,1,0,7,4,1,0
19,17,26,14,16,35,0,0,0,0,0,0,20,19,0,0,0,7,149,26,34,5,2,6,30,0,4,0,2,0,10,1,2,0
15,12,25,8,12,23,0,0,0,0,0,0,20,20,0,0,0,8,150,26,165,3,3,3,38,0,3,0,2,0,7,3,2,0
17,18,32,9,18,26,0,0,0,0,0,0,20,19,0,0,0,6,151,26,166,3,4,6,37,0,3,0,0,0,6,3,4,0
20,14,18,10,17,25,0,0,0,0,0,0,20,20,0,0,0,5,152,26,171,3,5,8,36,0,4,0,2,0,6,2,4,0
13,10,29,5,18,22,0,0,0,0,0,0,20,20,0,0,0,7,153,26,485,8,3,8,40,0,1,0,1,0,5,5,5,0
20,3,11,18,13,33,0,0,0,0,0,0,20,2076,0,0,0,2,154,26,487,5,1,5,18,0,6,0,2,0,8,4,5,0
14,4,14,13,16,20,0,0,0,0,0,0,20,2076,0,0,0,4,155,26,492,3,4,5,31,0,3,0,2,0,8,2,5,0
22,8,25,2,24,12,0,0,0,0,0,0,20,20,0,0,0,7,156,26,576,6,8,3,49,0,5,0,0,0,2,3,1,0
22,1,18,11,21,21,0,0,0,0,0,1,20,2076,0,0,0,5,157,26,580,3,5,5,35,0,6,0,2,0,5,3,2,0
18,7,34,7,21,23,0,0,0,0,0,0,20,20,0,0,0,7,158,26,1832,3,3,3,38,0,2,0,0,0,6,3,5,0
20,6,19,6,21,23,0,0,0,0,0,0,20,20,0,0,0,5,159,26,10030,8,6,8,39,0,5,0,2,0,4,3,3,0
9,5,26,1,22,16,0,0,0,0,0,0,20,20,0,0,0,8,160,26,110329,6,7,7,54,0,0,1,0,0,2,4,5,0
17,15,15,17,10,22,0,0,0,0,0,0,20,20,0,0,0,5,161,26,110500,5,3,5,27,0,5,0,0,0,10,0,3,0
17,11,24,12,14,24,0,0,0,0,0,0,20,20,0,0,0,6,162,26,110588,3,2,3,31,0,4,0,2,0,7,4,3,0
18,4,23,4,33,16,0,0,0,0,0,0,20,20,0,0,0,6,163,26,110636,8,6,7,43,0,4,0,0,0,3,4,3,0
8,3,37,1,34,6,0,0,0,0,0,0,31,31,0,0,0,12,164,29,44,0,12,0,76,0,1,0,1,1,0,2,2,0
10,7,22,3,22,13,0,0,0,0,0,0,31,31,0,0,0,9,165,29,45,1,8,0,59,0,1,0,1,0,3,3,5,0
8,4,23,2,32,25,0,0,0,0,0,0,31,31,0,0,0,10,166,29,47,1,9,0,62,0,2,0,0,0,3,3,2,0
8,10,14,11,14,18,0,0,0,0,0,0,31,31,0,0,0,6,167,29,54,3,4,3,41,0,2,0,0,0,6,5,6,0
23,12,17,14,11,21,0,0,0,0,0,0,31,31,0,0,0,1,168,29,55,5,3,3,27,0,5,0,2,0,5,6,9,0
8,9,26,4,16,17,0,0,0,0,0,0,31,31,0,0,0,11,169,29,189,1,4,3,54,0,2,0,0,0,3,7,2,0
19,17,16,15,10,20,0,0,0,0,0,0,31,31,0,0,0,4,170,29,206,3,2,3,26,0,5,0,2,0,10,3,5,0
22,16,15,13,11,23,0,0,0,0,0,0,31,31,0,0,0,5,171,29,347,5,1,4,28,0,5,0,0,0,8,6,4,0
20,14,9,17,13,23,0,0,0,0,0,0,31,31,0,0,0,2,172,29,1746,5,4,4,25,0,9,0,2,0,7,3,4,0
24,5,20,16,9,26,0,0,0,0,0,0,31,32,0,0,0,5,173,29,1842,3,1,4,26,0,5,0,2,0,10,4,4,0
30,15,13,20,10,29,0,0,0,0,0,0,31,31,0,0,0,1,174,29,110373,4,1,4,14,0,10,0,2,0,9,4,4,0
15,8,26,8,15,17,0,0,0,0,0,0,31,31,0,0,0,8,175,28,110374,3,4,2,43,0,3,0,1,0,6,4,3,0
19,2,19,12,12,17,0,0,0,0,0,0,31,32,0,0,0,5,176,29,110556,3,3,4,34,0,4,0,1,0,7,5,5,0
26,1,25,18,12,34,0,0,0,0,0,1,31,32,0,0,0,6,177,29,111657,4,0,4,24,0,6,0,2,0,11,3,3,0
17,11,18,10,14,19,0,0,0,0,0,0,31,31,0,0,0,6,178,29,111811,3,5,3,42,0,4,0,0,0,5,4,5,0
25,13,18,19,15,31,0,0,0,0,0,0,31,31,0,0,0,4,179,29,111974,4,2,3,23,0,7,0,2,0,11,2,3,0
15,6,34,5,21,20,0,0,0,0,0,0,31,31,0,0,0,10,180,29,114912,2,5,1,51,0,2,0,0,0,6,3,3,0
12,2,14,9,22,21,0,0,0,0,0,0,31,31,0,0,0,6,181,29,115841,3,7,1,43,0,5,0,0,0,7,1,3,0
10,5,31,6,20,22,0,0,0,0,0,0,31,31,0,0,0,10,182,28,115845,2,4,2,47,0,3,0,1,0,6,4,1,0
18,1,20,7,24,15,0,0,0,0,0,1,31,31,0,0,0,6,183,29,116365,3,6,0,45,0,4,0,1,0,4,5,4,0
14,4,27,1,30,16,0,0,0,0,0,0,32,32,0,0,0,9,184,30,50,6,10,6,65,0,0,1,0,0,3,2,6,0
20,8,33,2,23,15,0,0,0,0,0,0,32,32,0,0,0,10,185,30,205,7,7,8,57,0,2,0,0,0,5,3,3,0
15,14,15,16,20,25,0,0,0,0,0,0,32,32,0,0,0,4,186,30,570,5,4,3,32,0,6,0,0,0,8,2,6,0
17,10,16,13,19,23,0,0,0,0,0,0,32,32,0,0,0,5,187,30,1744,3,3,3,37,0,6,0,1,0,3,9,4,0
16,13,25,4,18,17,0,0,0,0,0,0,32,32,0,0,0,9,188,30,1745,7,7,3,55,0,2,0,0,0,5,3,4,0
22,20,19,7,22,22,0,0,0,0,0,0,32,31,0,0,0,5,189,30,1837,3,7,6,40,0,7,0,0,0,5,3,3,0
21,9,28,5,24,20,0,0,0,0,0,0,32,32,0,0,0,8,190,30,1843,7,6,7,49,0,6,0,2,0,3,6,1,0
27,20,14,20,14,31,0,0,0,0,0,0,32,32,0,0,0,3,191,30,1846,4,2,5,21,0,10,0,2,0,9,5,1,0
14,12,17,17,15,22,0,0,0,0,0,0,32,32,0,0,0,4,192,30,1847,4,3,8,31,0,5,0,0,0,8,4,6,0
15,3,16,15,13,22,0,0,0,0,0,0,32,32,0,0,0,5,193,30,1848,3,2,6,34,0,3,0,2,0,7,6,7,0
19,11,19,11,17,19,0,0,0,0,0,0,32,32,0,0,0,4,194,30,110738,8,5,8,37,0,5,0,2,0,6,4,6,0
17,19,14,12,17,16,0,0,0,0,0,0,32,32,0,0,0,2,195,30,110740,3,5,5,37,0,3,0,1,0,4,6,10,0
21,17,29,6,18,18,0,0,0,0,0,0,32,32,0,0,0,8,196,30,110908,7,6,5,49,0,4,0,1,0,5,4,3,0
11,19,20,3,20,13,0,0,0,0,0,0,32,31,0,0,0,7,197,30,111434,6,9,7,56,0,3,0,2,0,3,3,5,0
20,15,23,10,11,19,0,0,0,0,0,0,32,32,0,0,0,7,198,30,111993,3,3,3,38,0,6,0,1,0,6,5,3,0
19,17,21,14,10,14,0,0,0,0,0,0,32,32,0,0,0,4,199,30,112168,3,4,5,34,0,6,0,2,0,6,5,5,0
17,6,19,9,20,22,0,0,0,0,0,0,32,32,0,0,0,6,200,30,112494,3,4,3,38,0,6,0,0,0,6,5,3,0
24,18,19,19,15,25,0,0,0,0,0,0,32,32,0,0,0,3,201,30,112499,4,4,5,27,0,9,0,2,0,8,3,3,0
15,16,17,8,16,16,0,0,0,0,0,0,32,32,0,0,0,5,202,30,113973,8,4,3,39,0,4,0,1,0,5,6,6,0
14,18,12,18,16,28,0,0,0,0,0,0,32,31,0,0,0,3,203,30,113974,5,3,7,31,0,5,0,1,0,6,7,6,0
1,16,6,5,1,3,0,0,0,0,0,0,39,39,0,0,0,3,204,5,687,13,0,0,10,0,0,1,2,0,1,1,0,0
4,28,4,18,4,4,0,0,0,0,0,0,39,39,0,0,0,1,205,5,688,12,0,0,6,0,1,0,1,1,0,3,0,0
1,6,6,4,2,4,0,0,0,0,0,0,39,39,0,0,0,2,206,5,689,14,1,0,10,0,0,1,0,0,1,1,0,0
4,20,2,29,2,7,0,0,1,0,0,0,39,39,0,0,0,0,207,5,691,11,0,0,1,0,2,0,1,0,2,0,1,0
5,24,5,21,4,5,0,0,0,0,0,0,39,39,0,0,0,1,208,5,693,11,0,0,5,0,1,0,1,0,1,2,0,0
2,18,1,22,4,6,0,0,0,0,0,0,39,39,0,0,0,0,209,5,694,11,1,0,5,0,1,0,2,0,1,1,1,0
6,7,4,25,1,2,0,0,0,0,0,0,39,39,0,0,0,1,210,4,695,11,0,0,3,0,2,0,2,0,1,0,0,0
5,22,5,19,1,1,0,0,0,0,0,0,39,39,0,0,0,1,211,5,696,11,0,0,6,0,1,0,2,1,0,2,1,0
4,8,4,7,8,5,0,0,0,0,1,0,39,39,0,0,0,0,212,5,697,13,2,0,9,0,0,1,0,1,0,1,2,0
3,25,3,15,1,0,0,0,0,0,0,0,39,39,0,0,0,1,213,4,698,12,1,0,7,0,1,0,0,1,0,0,1,0
3,17,2,8,5,1,0,0,0,0,0,0,39,39,0,0,0,0,214,4,101112,13,2,0,7,0,1,0,2,1,0,0,1,0
2,14,4,13,3,4,0,0,0,0,0,0,39,39,0,0,0,1,215,5,111065,13,1,0,7,0,1,0,0,0,1,1,0,0
1,11,3,3,5,3,0,0,0,0,1,0,39,39,0,0,0,1,216,4,111138,14,2,0,10,0,0,1,0,1,0,0,1,0
0,3,0,11,8,7,0,0,0,0,0,0,39,39,0,0,0,0,217,4,111139,13,2,0,7,0,0,1,2,0,1,1,0,0
6,15,7,10,2,2,0,0,0,0,0,0,39,39,0,0,0,1,218,5,111140,13,1,0,7,0,1,0,2,0,1,0,1,0
1,21,1,28,3,5,0,0,1,0,0,0,39,39,0,0,0,0,219,4,111144,11,0,0,2,0,0,1,2,0,2,0,2,0
0,27,3,6,2,2,0,0,0,0,0,0,39,39,0,0,0,2,220,5,111651,13,1,0,10,0,0,1,0,0,1,1,0,0
7,26,4,27,2,4,0,0,0,0,0,0,39,39,0,0,0,1,221,5,111928,11,0,0,3,0,2,0,0,0,2,0,0,0
2,2,2,16,6,4,0,0,0,0,1,0,39,39,0,0,0,0,222,4,112134,12,1,0,6,0,0,1,0,1,0,2,1,0
3,13,4,23,0,7,0,0,0,0,0,0,39,39,0,0,0,1,223,5,112606,11,0,0,4,0,1,0,0,0,2,0,1,0
3,5,3,26,0,4,0,0,0,0,0,0,39,39,0,0,0,1,224,5,112828,11,0,0,3,0,1,0,2,0,3,0,0,0
1,23,6,17,0,3,0,0,0,0,0,0,39,39,0,0,0,2,225,4,112885,12,0,0,6,0,0,1,2,0,2,0,0,0
3,12,9,2,4,6,0,0,0,0,0,0,39,39,0,0,0,2,226,6,112893,15,1,0,10,0,1,0,2,0,1,1,0,0
1,1,7,12,0,5,0,0,0,0,0,1,39,39,0,0,0,2,227,5,112996,13,0,0,7,0,0,1,0,0,2,0,1,0
3,29,5,9,5,5,0,0,0,0,1,0,39,39,0,0,0,1,228,5,113018,13,0,0,7,0,0,1,1,1,0,2,2,0
0,10,1,1,4,2,0,0,0,0,1,0,39,39,0,0,0,1,229,5,113149,16,2,0,11,0,0,1,0,1,0,0,2,0
6,4,5,24,0,2,0,0,1,0,0,0,39,39,0,0,0,0,230,5,114161,11,0,0,3,0,1,0,2,0,1,1,2,0
3,9,4,20,1,6,0,0,0,0,0,0,39,39,0,0,0,1,231,5,114162,11,0,0,6,0,0,1,2,0,1,1,2,0
0,19,3,14,2,4,0,0,0,0,0,0,39,39,0,0,0,2,232,5,114640,13,0,0,7,0,0,1,0,0,2,1,0,0
0,3,0,9,0,0,0,0,0,0,0,0,41,41,0,0,0,0,233,0,298,3,0,0,0,0,0,0,0,0,0,0,0,0
0,4,0,6,0,0,0,0,0,0,0,0,41,41,0,0,0,0,234,0,299,8,0,10,0,0,0,0,0,0,0,0,0,0
0,11,0,4,0,0,0,0,0,0,0,0,41,41,0,0,0,0,235,0,300,8,0,10,0,0,0,0,0,0,0,0,0,0
0,1,0,5,0,0,0,0,0,0,0,1,41,41,0,0,0,0,236,0,417,8,0,0,0,0,0,0,0,0,0,0,0,0
0,7,0,3,0,0,0,0,0,0,0,0,41,41,0,0,0,0,237,0,418,10,0,3,0,0,0,0,0,0,0,0,0,0
0,16,0,15,0,0,0,0,0,0,0,0,41,41,0,0,0,0,238,0,917,5,0,3,0,0,0,0,0,0,0,0,0,0
0,2,0,1,0,0,0,0,0,0,0,0,41,41,0,0,0,0,239,0,918,0,0,0,0,0,0,0,0,0,0,0,0,0
0,15,0,2,0,0,0,0,0,0,0,0,41,41,0,0,0,0,240,0,919,10,0,8,0,0,0,0,0,0,0,0,0,0
0,6,0,14,0,0,0,0,0,0,0,0,41,41,0,0,0,0,241,0,920,5,0,10,0,0,0,0,0,0,0,0,0,0
0,12,0,7,0,0,0,0,0,0,0,0,41,41,0,0,0,0,242,0,922,3,0,8,0,0,0,0,0,0,0,0,0,0
0,5,0,10,0,0,0,0,0,0,0,0,41,41,0,0,0,0,243,0,1456,3,0,3,0,0,0,0,0,0,0,0,0,0
0,10,0,12,0,0,0,0,0,0,0,0,41,41,0,0,0,0,244,0,1463,3,0,3,0,0,0,0,0,0,0,0,0,0
0,9,0,16,0,0,0,0,0,0,0,0,41,41,0,0,0,0,245,0,1755,5,0,3,0,0,0,0,0,0,0,0,0,0
0,13,0,11,0,0,0,0,0,0,0,0,41,41,0,0,0,0,246,0,1756,3,0,5,0,0,0,0,0,0,0,0,0,0
0,14,0,13,0,0,0,0,0,0,0,0,41,41,0,0,0,0,247,0,1757,5,0,3,0,0,0,0,0,0,0,0,0,0
0,8,0,8,0,0,0,0,0,0,0,0,41,41,0,0,0,0,248,0,112199,3,0,8,0,0,0,0,0,0,0,0,0,0
21,3,17,9,16,27,0,0,0,0,0,0,50,50,0,0,0,3,249,30,77,3,4,10,30,0,5,0,0,0,9,3,6,0
12,1,39,1,32,11,0,0,0,0,0,1,50,50,0,0,0,11,250,30,78,0,11,0,71,0,1,0,0,0,2,2,3,0
13,4,21,3,18,17,0,0,0,0,0,0,50,50,0,0,0,8,251,30,80,10,9,10,55,0,3,0,2,0,6,0,4,0
20,5,21,6,20,25,0,0,0,0,0,0,50,50,0,0,0,6,252,30,81,8,3,10,38,0,6,0,0,0,4,7,4,0
16,10,27,4,12,17,0,0,0,0,0,0,50,50,0,0,0,9,253,30,82,10,2,5,44,0,3,0,0,0,5,7,4,0
26,7,25,8,16,21,0,0,0,0,0,0,50,50,0,0,0,4,254,30,83,3,3,8,32,0,7,0,2,0,5,7,4,0
11,2,36,2,28,5,0,0,0,0,0,0,50,50,0,0,0,12,255,29,86,10,11,0,70,0,3,0,2,0,2,1,0,0
19,12,19,7,21,31,0,0,0,0,0,0,50,50,0,0,0,6,256,29,180,3,3,5,36,0,4,0,0,0,7,5,4,0
20,8,9,12,11,32,0,0,0,0,0,0,50,50,0,0,0,2,257,30,621,5,1,3,17,0,7,0,2,0,12,3,5,0
18,11,15,11,13,33,0,0,0,0,0,0,50,50,0,0,0,5,258,30,631,5,1,5,27,0,6,0,0,0,9,5,4,0
20,9,14,10,7,21,0,0,0,0,0,0,50,50,0,0,0,4,259,30,100804,5,2,3,28,0,5,0,2,0,9,4,6,0
14,6,20,5,16,23,0,0,0,0,0,0,50,50,0,0,0,8,260,30,100805,8,4,3,42,0,4,0,2,0,8,3,3,0
16,3,34,5,20,18,0,0,0,0,0,0,53,53,0,0,0,13,261,29,240,1,4,1,55,0,1,0,2,0,7,3,1,0
19,1,33,2,27,15,0,0,0,0,0,1,53,53,0,0,0,11,262,29,241,1,8,0,64,0,3,0,0,1,0,6,1,0
7,2,35,1,29,13,0,0,0,0,0,0,53,53,0,0,0,12,263,29,243,0,10,0,72,0,0,1,0,0,1,4,2,0
14,8,36,4,14,12,0,0,0,0,0,0,53,53,0,0,0,11,264,29,448,2,5,2,56,0,1,0,0,0,4,5,3,0
13,6,21,7,13,20,0,0,0,0,0,0,53,53,0,0,0,7,265,29,449,3,3,2,42,0,2,0,2,0,5,6,6,0
17,13,10,17,22,27,0,0,0,0,0,0,53,53,0,0,0,3,266,29,450,5,3,3,27,0,7,0,0,0,7,5,4,0
12,9,14,14,11,23,0,0,0,0,0,0,53,53,0,0,0,5,267,29,453,5,1,3,30,0,3,0,0,0,8,5,7,0
15,4,21,6,21,16,0,0,0,0,0,0,53,53,0,0,0,6,268,29,457,2,6,2,46,0,3,0,0,0,4,5,5,0
8,16,18,8,14,24,0,0,0,0,0,0,53,53,0,0,0,8,269,28,461,3,3,2,40,0,2,0,2,0,8,3,4,0
16,4,15,13,11,19,0,0,0,0,0,0,53,54,0,0,0,6,270,29,463,3,2,4,32,0,5,0,2,0,8,5,3,0
13,2,17,11,12,19,0,0,0,0,0,0,53,54,0,0,0,6,271,29,472,3,4,4,37,0,5,0,2,0,7,3,4,0
21,7,17,12,16,22,0,0,0,0,0,0,53,53,0,0,0,6,272,29,479,3,4,2,36,0,6,0,2,0,7,3,3,0
22,11,14,15,11,16,0,0,0,0,0,0,53,53,0,0,0,2,273,29,480,5,4,3,29,0,5,0,0,0,7,4,7,0
23,12,21,16,15,21,0,0,0,0,0,0,53,53,0,0,0,4,274,29,481,3,2,2,28,0,6,0,2,0,7,5,5,0
24,5,25,9,22,27,0,0,0,0,0,0,53,53,0,0,0,5,275,29,483,3,5,2,38,0,6,0,0,0,5,4,4,0
13,15,18,10,19,29,0,0,0,0,0,0,53,53,0,0,0,8,276,29,1860,3,1,3,38,0,2,0,0,0,7,7,4,0
25,17,14,20,14,32,0,0,0,0,0,0,53,53,0,0,0,0,277,29,1861,4,1,3,13,0,6,0,0,0,12,2,8,0
17,14,13,18,7,23,0,0,0,0,0,0,53,53,0,0,0,3,278,29,1968,4,0,3,22,0,4,0,2,0,9,6,7,0
14,10,35,3,24,20,0,0,0,0,0,0,53,53,0,0,0,11,279,29,110062,1,8,3,62,0,1,0,2,0,4,3,2,0
25,1,18,19,12,33,0,0,0,0,0,1,53,54,0,0,0,2,280,28,110832,4,0,4,14,0,6,0,2,0,12,2,6,0
15,13,17,15,11,14,0,0,0,0,0,0,54,54,0,0,0,6,281,32,244,3,3,8,38,0,7,0,1,0,5,8,3,0
8,10,14,12,15,23,0,0,0,0,0,0,54,54,0,0,0,8,282,32,260,3,3,8,42,0,4,0,1,0,8,5,4,0
15,19,31,2,18,20,0,0,0,0,0,0,54,53,0,0,0,9,283,32,452,7,5,6,53,0,1,0,1,0,6,5,6,0
17,11,32,6,19,28,0,0,0,0,0,0,54,54,0,0,0,11,284,32,456,3,3,3,50,0,3,0,0,0,7,6,2,0
10,17,23,7,13,19,0,0,0,0,0,0,54,54,0,0,0,9,285,32,459,8,4,3,49,0,1,0,2,0,8,4,6,0
10,18,28,5,10,21,0,0,0,0,0,0,54,53,0,0,0,11,286,32,462,7,4,6,51,0,2,0,0,0,9,3,3,0
13,5,28,4,21,24,0,0,0,0,0,0,54,54,0,0,0,9,287,32,467,7,6,6,52,0,3,0,2,0,7,3,4,0
8,20,20,3,15,20,0,0,0,0,0,0,54,53,0,0,0,9,288,32,468,6,6,6,53,0,2,0,2,0,7,3,5,0
20,3,24,11,15,17,0,0,0,0,0,0,54,54,0,0,0,8,289,32,1853,3,3,6,47,0,2,0,0,0,5,8,6,0
17,6,21,19,16,30,0,0,0,0,0,0,54,54,0,0,0,6,290,32,1854,5,1,7,32,0,4,0,1,0,10,5,6,0
8,12,26,8,14,33,0,0,0,0,0,0,54,54,0,0,0,11,291,32,10846,7,3,3,49,0,0,1,2,0,11,2,5,0
15,21,11,18,13,28,0,0,0,0,0,0,54,54,0,0,0,4,292,32,100831,5,4,5,33,0,5,0,0,0,10,2,7,0
22,9,15,16,16,20,0,0,0,0,0,0,54,54,0,0,0,6,293,32,100851,5,4,3,38,0,9,0,0,0,5,7,1,0
9,14,28,1,19,12,0,0,0,0,0,0,54,54,0,0,0,9,294,32,100888,6,8,8,59,0,2,0,0,0,5,3,5,0
20,16,25,17,12,24,0,0,0,0,0,0,54,54,0,0,0,7,295,32,110069,5,2,3,37,0,5,0,1,0,8,6,4,0
16,19,24,10,15,21,0,0,0,0,0,0,54,54,0,0,0,7,296,32,110242,3,5,5,48,0,1,0,1,0,7,4,8,0
11,8,27,9,13,17,0,0,0,0,0,0,54,54,0,0,0,9,297,32,110827,8,3,7,48,0,1,0,2,0,7,6,6,0
13,15,16,14,12,9,0,0,0,0,0,0,54,54,0,0,0,5,298,32,110839,3,4,3,40,0,6,0,0,0,4,8,5,0
18,18,18,21,11,30,0,0,0,0,0,0,54,54,0,0,0,6,299,32,110902,5,1,3,30,0,5,0,2,0,11,4,5,0
14,20,16,20,10,25,0,0,0,0,0,0,54,54,0,0,0,5,300,32,113356,5,2,5,30,0,7,0,0,0,9,4,5,0
15,7,16,22,8,25,0,0,0,0,0,0,54,54,0,0,0,6,301,32,114554,5,1,3,29,0,6,0,2,0,11,5,3,0
19,22,23,13,17,23,0,0,0,0,0,0,54,54,0,0,0,6,302,32,131110,3,4,5,42,0,3,0,2,0,7,5,7,0
0,8,0,13,0,0,0,0,0,0,0,0,56,56,0,0,0,0,303,0,319,5,0,3,0,0,0,0,0,0,0,0,0,0
0,7,0,1,0,0,0,0,0,0,0,0,56,56,0,0,0,0,304,0,320,0,0,0,0,0,0,0,0,0,0,0,0,0
0,16,0,12,0,0,0,0,0,0,0,0,56,56,0,0,0,0,305,0,321,3,0,3,0,0,0,0,0,0,0,0,0,0
0,5,0,11,0,0,0,0,0,0,0,0,56,56,0,0,0,0,306,0,433,3,0,8,0,0,0,0,0,0,0,0,0,0
0,6,0,2,0,0,0,0,0,0,0,0,56,56,0,0,0,0,307,0,700,10,0,8,0,0,0,0,0,0,0,0,0,0
0,12,0,9,0,0,0,0,0,0,0,0,56,56,0,0,0,0,308,0,702,3,0,10,0,0,0,0,0,0,0,0,0,0
0,3,0,7,0,0,0,0,0,0,0,0,56,56,0,0,0,0,309,0,708,3,0,10,0,0,0,0,0,0,0,0,0,0
0,2,0,4,0,0,0,0,0,0,0,0,56,56,0,0,0,0,310,0,710,8,0,0,0,0,0,0,0,0,0,0,0,0
0,1,0,3,0,0,0,0,0,0,0,1,56,56,0,0,0,0,311,0,711,10,0,10,0,0,0,0,0,0,0,0,0,0
0,4,0,6,0,0,0,0,0,0,0,0,56,56,0,0,0,0,312,0,1439,8,0,8,0,0,0,0,0,0,0,0,0,0
0,15,0,14,0,0,0,0,0,0,0,0,56,56,0,0,0,0,313,0,111705,5,0,5,0,0,0,0,0,0,0,0,0,0
0,9,0,10,0,0,0,0,0,0,0,0,56,56,0,0,0,0,314,0,112072,3,0,3,0,0,0,0,0,0,0,0,0,0
0,10,0,5,0,0,0,0,0,0,0,0,56,56,0,0,0,0,315,0,112126,8,0,3,0,0,0,0,0,0,0,0,0,0
0,11,0,8,0,0,0,0,0,0,0,0,56,56,0,0,0,0,316,0,113458,3,0,3,0,0,0,0,0,0,0,0,0,0
0,14,0,16,0,0,0,0,0,0,0,0,56,56,0,0,0,0,317,0,113743,5,0,5,0,0,0,0,0,0,0,0,0,0
0,13,0,15,0,0,0,0,0,0,0,0,56,56,0,0,0,0,318,0,113892,5,0,5,0,0,0,0,0,0,0,0,0,0
22,5,42,3,29,21,0,0,0,0,0,0,60,60,0,0,0,13,319,39,4,7,9,6,74,0,3,0,2,0,6,5,3,0
27,10,32,16,25,31,0,0,0,0,0,0,60,60,0,0,0,7,320,39,89,3,3,7,45,0,7,0,1,0,7,10,5,0
18,7,35,2,34,17,0,0,0,0,0,0,60,60,0,0,0,12,321,40,91,6,12,6,78,0,4,0,2,0,6,2,4,0
25,12,17,17,12,30,0,0,0,0,0,0,60,60,0,0,0,8,322,39,127,5,5,3,44,0,10,0,0,0,11,3,2,0
19,14,14,15,19,33,0,0,0,0,0,0,60,60,0,0,0,6,323,39,143,3,7,4,47,0,7,0,0,0,11,1,7,0
13,11,34,8,22,20,0,0,0,0,0,0,60,60,0,0,0,9,324,39,149,8,7,3,61,0,4,0,0,0,6,6,7,0
15,2,22,7,29,25,0,0,0,0,0,0,60,61,0,0,0,8,325,39,361,8,9,4,62,0,4,0,1,0,7,4,7,0
35,5,19,24,16,34,0,0,0,0,0,0,60,61,0,0,0,3,326,39,1480,4,2,4,24,0,11,0,1,0,14,3,6,0
20,8,34,1,29,12,0,0,0,0,0,0,60,60,0,0,0,13,327,39,1790,6,11,7,83,0,2,0,0,0,2,7,4,0
21,22,34,18,21,36,0,0,0,0,0,0,60,14,0,0,0,10,328,39,1793,5,3,3,42,0,6,0,0,0,11,5,4,0
17,24,27,12,26,31,0,0,0,0,0,0,60,14,0,0,0,12,329,39,1917,3,5,3,50,0,6,0,0,0,9,5,2,0
17,23,38,9,19,25,0,0,0,0,0,0,60,14,0,0,0,11,330,39,1926,3,6,7,60,0,3,0,2,0,10,4,5,0
28,18,22,21,14,33,0,0,0,0,0,0,60,60,0,0,0,5,331,38,1928,4,4,4,36,0,11,0,0,0,9,6,3,0
21,3,26,11,25,39,0,0,0,0,0,0,60,61,0,0,0,9,332,40,1930,3,6,4,53,0,6,0,0,0,11,3,5,0
28,4,35,5,35,20,0,0,0,0,0,0,60,60,0,0,0,9,333,38,1932,7,11,7,71,0,6,0,1,0,1,6,5,0
25,9,29,13,21,24,0,0,0,0,0,0,60,60,0,0,0,8,334,38,1933,3,5,8,50,0,6,0,0,0,8,5,6,0
26,16,19,22,11,24,0,0,0,0,0,0,60,60,0,0,0,6,335,37,1936,4,3,4,35,0,8,0,1,0,12,4,4,0
21,6,44,4,30,25,0,0,0,0,0,0,60,60,0,0,0,11,336,38,1938,7,10,8,71,0,4,0,2,0,5,4,4,0
20,20,17,20,15,35,0,0,0,0,0,0,60,60,0,0,0,7,337,38,1944,5,3,4,39,0,7,0,2,0,12,4,5,0
22,19,34,6,28,30,0,0,0,0,0,0,60,60,0,0,0,9,338,39,1951,7,9,8,63,0,4,0,0,0,8,3,6,0
25,1,20,10,24,19,0,0,0,0,0,1,60,61,0,0,0,8,339,39,1958,3,8,4,58,0,7,0,0,0,6,6,4,0
23,17,26,14,22,34,0,0,0,0,0,0,60,60,0,0,0,7,340,38,1962,3,7,3,50,0,6,0,2,0,10,3,5,0
22,15,17,19,14,29,0,0,0,0,0,0,60,60,0,0,0,6,341,39,15015,5,4,3,39,0,9,0,2,0,11,5,4,0
31,13,20,23,21,30,0,0,0,0,0,0,60,60,0,0,0,4,342,39,112260,4,3,3,34,0,11,0,1,0,8,8,5,0
40,11,30,21,19,25,0,0,0,0,0,0,61,61,0,0,0,7,343,38,92,5,1,3,39,0,9,0,2,0,6,11,4,0
26,13,35,5,32,29,0,0,0,0,0,0,61,61,0,0,0,11,344,39,121,7,7,5,65,0,4,0,1,0,6,6,5,0
27,18,27,18,24,35,0,0,0,0,0,0,61,61,0,0,0,10,345,38,142,5,4,8,49,0,7,0,0,0,10,5,2,0
22,22,26,12,33,46,0,0,0,0,0,0,61,60,0,0,0,7,346,39,357,3,8,5,54,0,5,0,2,0,10,2,7,0
13,9,23,6,30,27,0,0,0,0,0,0,61,61,0,0,0,10,347,38,381,7,7,3,64,0,2,0,0,0,6,6,7,0
33,24,18,24,20,32,0,0,0,0,0,0,61,60,0,0,0,4,348,39,561,5,4,3,33,0,12,0,2,0,10,5,4,0
19,21,38,4,25,35,0,0,0,0,0,0,61,60,0,0,0,13,349,40,1798,7,7,7,67,0,3,0,2,0,10,3,4,0
21,17,20,8,19,26,0,0,0,0,0,0,61,61,0,0,0,8,350,40,1802,7,9,8,59,0,5,0,0,0,10,1,7,0
17,16,28,10,29,35,0,0,0,0,0,0,61,61,0,0,0,10,351,38,1803,8,5,3,56,0,3,0,1,0,9,5,6,0
27,6,22,17,24,26,0,0,0,0,0,0,61,61,0,0,0,6,352,39,1804,3,7,7,50,0,6,0,2,0,9,3,8,0
15,4,41,2,34,25,0,0,0,0,0,0,61,61,0,0,0,12,353,38,1931,6,8,6,71,0,3,0,0,0,4,6,5,0
28,10,37,20,28,42,0,0,0,0,0,0,61,61,0,0,0,9,354,39,1934,5,2,3,44,0,7,0,2,0,10,7,4,0
31,20,26,22,21,35,0,0,0,0,0,0,61,61,0,0,0,4,355,37,1935,5,4,5,34,0,7,0,1,0,12,4,6,0
34,24,42,14,34,40,0,0,0,0,0,0,61,61,0,0,0,10,356,39,1937,3,5,6,51,0,8,0,2,0,10,5,1,0
16,8,37,1,42,21,0,0,0,0,0,0,61,61,0,0,0,10,357,39,1940,6,10,7,73,0,2,0,1,0,4,6,7,0
23,23,48,3,22,25,0,0,0,0,0,0,61,61,0,0,0,13,358,39,1947,6,7,6,70,0,3,0,0,0,6,7,3,0
26,12,39,15,20,31,0,0,0,0,0,0,61,61,0,0,0,11,359,40,15048,5,4,3,50,0,7,0,2,0,13,3,2,0
24,23,29,16,23,33,0,0,0,0,0,0,61,60,0,0,0,9,360,39,110313,3,5,3,50,0,7,0,2,0,10,4,4,0
28,14,27,23,18,43,0,0,0,0,0,0,61,61,0,0,0,4,361,40,110799,5,3,5,33,0,8,0,0,0,13,4,8,0
24,22,32,7,25,30,0,0,0,0,0,0,61,61,0,0,0,10,362,38,110890,3,8,5,59,0,7,0,0,0,8,3,2,0
29,19,24,13,22,26,0,0,0,0,0,0,61,61,0,0,0,7,363,39,112222,3,8,5,54,0,10,0,0,0,5,7,2,0
27,15,35,11,23,32,0,0,0,0,0,0,61,61,0,0,0,9,364,39,112254,3,7,5,55,0,4,0,2,0,12,1,6,0
23,21,34,9,19,19,0,0,0,0,0,0,61,61,0,0,0,9,365,40,112259,8,6,3,58,0,6,0,1,0,6,8,5,0
40,7,33,19,27,33,0,0,0,0,0,0,61,61,0,0,0,5,366,40,113926,5,7,7,47,0,8,0,0,0,9,4,7,0
5,6,4,6,2,2,0,0,0,0,0,0,65,65,0,0,0,1,367,5,305,3,1,10,7,0,1,0,0,0,1,0,1,0
3,1,3,7,2,2,0,0,0,0,0,1,65,65,0,0,0,0,368,5,306,3,1,0,6,0,0,1,0,0,1,1,2,0
0,10,0,9,0,0,0,0,0,0,0,0,65,65,0,0,0,0,369,0,422,0,0,0,0,0,0,0,0,0,0,0,0,0
3,4,2,8,3,5,0,0,0,0,0,0,65,65,0,0,0,1,370,6,423,5,1,8,6,0,2,0,2,0,2,0,0,0
2,2,7,2,3,4,0,0,0,0,0,0,65,65,0,0,0,3,371,6,445,10,0,0,11,0,0,1,2,0,1,2,0,0
2,5,3,3,7,2,0,0,0,0,0,0,65,65,0,0,0,1,372,6,563,10,1,8,9,0,1,0,0,1,0,1,2,0
1,7,3,1,6,2,0,0,0,0,1,0,65,65,0,0,0,2,373,6,834,0,3,3,16,0,0,1,0,1,0,1,0,0
7,3,0,10,1,2,0,0,1,0,0,0,65,65,0,0,0,0,374,5,837,4,0,10,2,0,2,0,1,0,1,1,1,0
5,8,3,9,2,5,0,0,0,0,0,0,65,65,0,0,0,1,375,5,1572,5,0,3,4,0,1,0,2,0,2,1,0,0
0,9,0,10,0,0,0,0,0,0,0,0,65,65,0,0,0,0,376,0,111132,0,0,0,0,0,0,0,0,0,0,0,0,0
15,12,15,10,17,20,0,0,0,0,0,0,66,66,0,0,0,7,377,25,301,3,2,8,32,0,5,0,1,0,6,5,0,0
8,6,14,7,19,20,0,0,0,0,0,0,66,66,0,0,0,7,378,25,420,3,4,3,39,0,2,0,0,0,6,3,3,0
12,3,26,4,12,18,0,0,0,0,0,0,66,66,0,0,0,8,379,25,873,8,4,0,44,0,2,0,0,0,3,5,3,0
18,17,15,17,13,23,0,0,0,0,0,0,66,66,0,0,0,2,380,25,874,4,0,5,18,0,5,0,2,0,6,6,6,0
12,2,23,5,15,18,0,0,0,0,0,0,66,66,0,0,0,7,381,25,1871,8,4,0,41,0,2,0,0,0,4,4,4,0
11,14,31,1,25,23,0,0,0,0,0,0,66,66,0,0,0,9,382,25,110745,0,5,5,48,0,1,0,0,0,4,4,2,0
22,4,25,6,21,8,0,0,0,0,0,0,66,66,0,0,0,5,383,25,110746,8,7,10,41,0,5,0,1,0,3,3,2,0
22,7,23,12,9,11,0,0,0,0,0,0,66,66,0,0,0,3,384,25,110747,5,2,3,28,0,4,0,1,0,3,7,6,0
13,9,13,9,15,23,0,0,0,0,0,0,66,66,0,0,0,5,385,25,110749,3,4,3,34,0,3,0,1,0,6,2,5,0
19,13,20,15,8,15,0,0,0,0,0,0,66,66,0,0,0,3,386,25,111083,5,1,5,24,0,3,0,1,0,6,5,7,0
24,16,14,18,7,24,0,0,0,0,0,0,66,66,0,0,0,3,387,25,111085,4,1,3,17,0,5,0,1,0,11,0,5,0
12,5,14,13,10,17,0,0,0,0,0,0,66,66,0,0,0,4,388,25,111086,3,1,10,28,0,3,0,2,0,4,8,5,0
18,10,14,11,15,20,0,0,0,0,0,0,66,66,0,0,0,3,389,25,111088,3,5,3,31,0,5,0,2,0,5,2,5,0
10,15,17,2,17,11,0,0,0,0,0,0,66,66,0,0,0,6,390,25,111092,10,7,3,46,0,3,0,1,0,2,3,4,0
13,8,8,14,15,17,0,0,0,0,0,0,66,66,0,0,0,2,391,25,112511,5,4,8,27,0,6,0,2,0,4,5,4,0
12,11,21,8,12,21,0,0,0,0,0,0,66,66,0,0,0,7,392,25,114004,3,3,5,36,0,2,0,1,0,7,3,3,0
5,1,28,3,19,22,0,0,0,0,0,1,66,66,0,0,0,9,393,25,114326,10,3,0,44,0,0,1,1,0,5,5,3,0
17,18,17,16,14,27,0,0,0,0,0,0,66,66,0,0,0,4,394,25,114393,4,1,5,24,0,2,0,1,0,9,3,6,0
12,1,40,1,28,8,0,0,0,0,0,1,68,68,0,0,0,15,395,30,325,0,11,0,81,0,0,1,0,0,1,3,0,0
17,2,44,2,35,8,0,0,0,0,0,0,68,68,0,0,0,11,396,30,326,9,14,0,79,0,1,0,0,1,0,1,3,0
14,3,21,4,19,22,0,0,0,0,0,0,68,68,0,0,0,8,397,30,327,8,6,0,46,0,5,0,2,0,7,2,2,0
20,6,27,3,24,20,0,0,0,0,0,0,68,68,0,0,0,9,398,30,436,9,6,9,49,0,5,0,2,0,6,3,1,0
13,13,16,8,19,20,0,0,0,0,0,0,68,68,0,0,0,6,399,30,741,3,4,3,41,0,2,0,0,0,7,4,7,0
29,15,12,20,10,26,0,0,0,0,0,0,68,68,0,0,0,2,400,30,746,4,1,5,13,0,10,0,2,0,10,4,3,0
14,18,23,12,12,27,0,0,0,0,0,0,68,68,0,0,0,9,401,30,748,3,1,5,36,0,4,0,2,0,10,4,2,0
16,11,17,14,19,23,0,0,0,0,0,0,68,68,0,0,0,5,402,30,101007,5,2,3,33,0,4,0,0,0,7,5,7,0
16,5,23,6,15,19,0,0,0,0,0,0,68,68,0,0,0,8,403,30,101014,8,4,8,42,0,5,0,2,0,7,4,2,0
15,4,30,9,16,24,0,0,0,0,0,0,68,68,0,0,0,9,404,30,101016,3,0,8,39,0,3,0,0,0,6,9,3,0
15,9,20,13,16,28,0,0,0,0,0,0,68,68,0,0,0,6,405,30,101020,3,4,3,36,0,3,0,2,0,8,3,6,0
20,17,25,15,11,20,0,0,0,0,0,0,68,68,0,0,0,5,406,30,101028,4,2,5,33,0,3,0,0,0,8,5,7,0
15,8,18,16,13,27,0,0,0,0,0,0,68,68,0,0,0,5,407,30,101033,5,2,3,33,0,5,0,1,0,6,8,4,0
13,19,23,7,13,34,0,0,0,0,0,0,68,68,0,0,0,10,408,30,101037,3,2,3,42,0,3,0,0,0,9,3,3,0
16,12,18,11,18,27,0,0,0,0,0,0,68,68,0,0,0,4,409,30,101041,3,5,3,38,0,3,0,2,0,7,4,7,0
20,16,16,17,18,24,0,0,0,0,0,0,68,68,0,0,0,4,410,30,110776,4,4,5,31,0,6,0,2,0,9,2,5,0
12,7,24,18,10,26,0,0,0,0,0,0,68,68,0,0,0,6,411,30,111117,4,1,3,30,0,3,0,1,0,11,3,6,0
29,10,28,5,25,26,0,0,0,0,0,0,68,68,0,0,0,6,412,30,111339,8,6,5,43,0,5,0,2,0,6,3,4,0
20,14,24,10,14,22,0,0,0,0,0,0,68,68,0,0,0,6,413,30,113142,3,3,3,39,0,3,0,0,0,6,6,6,0
26,20,17,19,17,35,0,0,0,0,0,0,68,68,0,0,0,5,414,30,131389,4,2,5,29,0,7,0,0,0,8,5,3,0
0,1,0,1,0,0,0,0,0,0,0,1,76,76,0,0,0,0,415,0,211,0,0,0,0,0,0,0,0,0,0,0,0,0
0,1,0,1,0,0,0,0,0,0,0,0,76,76,0,0,0,0,416,0,263,0,0,0,0,0,0,0,0,0,0,0,0,0
0,1,0,1,0,0,0,0,0,0,0,0,76,76,0,0,0,0,417,0,266,0,0,0,0,0,0,0,0,0,0,0,0,0
0,1,0,1,0,0,0,0,0,0,0,1,76,76,0,0,0,0,418,0,267,0,0,0,0,0,0,0,0,0,0,0,0,0
0,1,0,1,0,0,0,0,0,0,0,1,76,76,0,0,0,0,419,0,278,0,0,0,0,0,0,0,0,0,0,0,0,0
0,1,0,1,0,0,0,0,0,0,0,0,76,76,0,0,0,0,420,0,393,0,0,0,0,0,0,0,0,0,0,0,0,0
0,1,0,1,0,0,0,0,0,0,0,1,76,76,0,0,0,0,421,0,1874,0,0,0,0,0,0,0,0,0,0,0,0,0
0,1,0,1,0,0,0,0,0,0,0,0,76,76,0,0,0,0,422,0,1884,0,0,0,0,0,0,0,0,0,0,0,0,0
0,1,0,1,0,0,0,0,0,0,0,0,76,76,0,0,0,0,423,0,100135,0,0,0,0,0,0,0,0,0,0,0,0,0
0,1,0,1,0,0,0,0,0,0,0,1,76,76,0,0,0,0,424,0,100325,0,0,0,0,0,0,0,0,0,0,0,0,0
0,1,0,1,0,0,0,0,0,0,0,0,76,76,0,0,0,0,425,0,101047,0,0,0,0,0,0,0,0,0,0,0,0,0
0,1,0,1,0,0,0,0,0,0,0,1,76,76,0,0,0,0,426,0,101059,0,0,0,0,0,0,0,0,0,0,0,0,0
0,1,0,1,0,0,0,0,0,0,0,0,76,76,0,0,0,0,427,0,110468,0,0,0,0,0,0,0,0,0,0,0,0,0
0,2,0,1,0,0,0,0,0,0,0,0,76,76,0,0,0,0,428,0,111596,0,0,0,0,0,0,0,0,0,0,0,0,0
0,1,0,1,0,0,0,0,0,0,0,0,76,76,0,0,0,0,429,0,111701,0,0,0,0,0,0,0,0,0,0,0,0,0
0,1,0,1,0,0,0,0,0,0,0,0,76,76,0,0,0,0,430,0,114815,0,0,0,0,0,0,0,0,0,0,0,0,0
0,1,0,1,0,0,0,0,0,0,0,0,76,76,0,0,0,0,431,0,131473,0,0,0,0,0,0,0,0,0,0,0,0,0
0,2,0,4,0,0,0,0,0,0,0,0,78,78,0,0,0,0,432,0,1318,0,0,0,1797,0,0,0,0,0,0,0,0,0
0,2,0,5,0,0,0,0,0,0,0,0,78,78,0,0,0,0,433,0,1325,0,0,0,1788,0,0,0,0,0,0,0,0,0
0,2,0,15,0,0,0,0,0,0,0,0,78,78,0,0,0,0,434,0,1328,0,0,0,1742,0,0,0,0,0,0,0,0,0
0,2,0,37,0,0,0,0,0,0,0,0,78,78,0,0,0,0,435,0,1330,0,0,0,1503,0,0,0,0,0,0,0,0,0
0,2,0,19,0,0,0,0,0,0,0,0,78,78,0,0,0,0,436,0,1331,0,0,0,1597,0,0,0,0,0,0,0,0,0
0,2,0,55,0,0,0,0,0,0,0,0,78,78,0,0,0,0,437,0,1334,0,0,0,1419,0,0,0,0,0,0,0,0,0
0,2,0,2,0,0,0,0,0,0,0,0,78,78,0,0,0,0,438,0,1335,0,0,0,1843,0,0,0,0,0,0,0,0,0
0,2,0,15,0,0,0,0,0,0,0,0,78,78,0,0,0,0,439,0,1337,0,0,0,1636,0,0,0,0,0,0,0,0,0
0,2,0,67,0,0,0,0,0,0,0,0,78,78,0,0,0,0,440,0,1341,0,0,0,1352,0,0,0,0,0,0,0,0,0
0,2,0,8,0,0,0,0,0,0,0,0,78,78,0,0,0,0,441,0,1343,0,0,0,1726,0,0,0,0,0,0,0,0,0
0,2,0,44,0,0,0,0,0,0,0,0,78,78,0,0,0,0,442,0,1352,0,0,0,1458,0,0,0,0,0,0,0,0,0
0,2,0,26,0,0,0,0,0,0,0,0,78,78,0,0,0,0,443,0,1353,0,0,0,1536,0,0,0,0,0,0,0,0,0
0,2,0,9,0,0,0,0,0,0,0,0,78,78,0,0,0,0,444,0,1354,0,0,0,1718,0,0,0,0,0,0,0,0,0
0,2,0,53,0,0,0,0,0,0,0,0,78,78,0,0,0,0,445,0,1355,0,0,0,1426,0,0,0,0,0,0,0,0,0
0,2,0,48,0,0,0,0,0,0,0,0,78,78,0,0,0,0,446,0,1356,0,0,0,1443,0,0,0,0,0,0,0,0,0
0,2,0,30,0,0,0,0,0,0,0,0,78,78,0,0,0,0,447,0,1359,0,0,0,1520,0,0,0,0,0,0,0,0,0
0,2,0,10,0,0,0,0,0,0,0,0,78,78,0,0,0,0,448,0,1362,0,0,0,1703,0,0,0,0,0,0,0,0,0
0,2,0,23,0,0,0,0,0,0,0,0,78,78,0,0,0,0,449,0,1363,0,0,0,1547,0,0,0,0,0,0,0,0,0
0,2,0,24,0,0,0,0,0,0,0,0,78,78,0,0,0,0,450,0,1366,0,0,0,1541,0,0,0,0,0,0,0,0,0
0,2,0,35,0,0,0,0,0,0,0,0,78,78,0,0,0,0,451,0,1367,0,0,0,1506,0,0,0,0,0,0,0,0,0
0,2,0,1,0,0,0,0,0,0,0,0,78,78,0,0,0,0,452,0,1369,0,0,0,1843,0,0,0,0,0,0,0,0,0
0,2,0,12,0,0,0,0,0,0,0,0,78,78,0,0,0,0,453,0,1386,0,0,0,1665,0,0,0,0,0,0,0,0,0
0,2,0,11,0,0,0,0,0,0,0,0,78,78,0,0,0,0,454,0,1387,0,0,0,1674,0,0,0,0,0,0,0,0,0
0,2,0,36,0,0,0,0,0,0,0,0,78,78,0,0,0,0,455,0,1886,0,0,0,1504,0,0,0,0,0,0,0,0,0
0,2,0,7,0,0,0,0,0,0,0,0,78,78,0,0,0,0,456,0,105035,0,0,0,1731,0,0,0,0,0,0,0,0,0
0,2,0,64,0,0,0,0,0,0,0,0,78,78,0,0,0,0,457,0,110081,0,0,0,1361,0,0,0,0,0,0,0,0,0
0,2,0,22,0,0,0,0,0,0,0,0,78,78,0,0,0,0,458,0,111111,0,0,0,1655,0,0,0,0,0,0,0,0,0
0,2,0,60,0,0,0,0,0,0,0,0,78,78,0,0,0,0,459,0,111462,0,0,0,1391,0,0,0,0,0,0,0,0,0
0,2,0,103,0,0,0,0,0,0,0,0,78,78,0,0,0,0,460,0,111473,0,0,0,1199,0,0,0,0,0,0,0,0,0
0,2,0,49,0,0,0,0,0,0,0,0,78,78,0,0,0,0,461,0,111527,0,0,0,1395,0,0,0,0,0,0,0,0,0
5,1,23,1,22,7,0,0,0,0,0,1,80,80,0,0,0,8,462,22,191,0,7,0,50,0,2,0,0,1,0,4,1,0
6,2,19,2,18,9,0,0,0,0,0,0,80,80,0,0,0,7,463,22,209,10,6,0,46,0,1,0,1,0,1,4,3,0
6,3,14,3,12,12,0,0,0,0,0,0,80,80,0,0,0,6,464,22,252,10,3,10,35,0,2,0,2,0,3,5,3,0
14,4,19,6,19,7,0,0,0,0,0,0,80,80,0,0,0,3,465,22,254,8,5,10,33,0,3,0,1,0,2,4,5,0
7,5,14,7,11,15,0,0,0,0,0,0,80,80,0,0,0,5,466,22,256,3,4,8,33,0,1,0,0,0,6,1,5,0
29,8,7,12,6,20,0,0,0,0,0,0,80,80,0,0,0,1,467,22,781,4,1,5,10,0,10,0,0,0,6,4,0,0
15,6,14,4,15,12,0,0,0,0,0,0,80,80,0,0,0,3,468,22,1787,10,5,3,34,0,2,0,1,0,2,4,6,0
14,10,15,5,18,14,0,0,0,0,0,0,80,80,0,0,0,5,469,22,2017,8,4,5,34,0,2,0,1,0,4,3,4,0
11,11,9,9,8,19,0,0,0,0,0,0,80,80,0,0,0,3,470,22,15009,3,1,3,19,0,5,0,1,0,6,4,3,0
22,9,13,11,7,20,0,0,0,0,0,0,80,80,0,0,0,2,471,22,15040,5,2,3,14,0,8,0,2,0,8,1,1,0
15,12,12,10,10,23,0,0,0,0,0,0,80,80,0,0,0,2,472,22,110720,5,2,5,19,0,3,0,2,0,8,1,6,0
14,7,17,8,12,18,0,0,0,0,0,0,80,80,0,0,0,5,473,22,111822,3,3,3,30,0,4,0,1,0,4,4,2,0
1,12,1,10,2,4,0,0,1,0,0,0,83,83,0,0,0,0,474,3,980,8,0,0,2,0,0,1,1,0,1,1,1,0
0,8,2,7,0,2,0,0,0,0,0,0,83,83,0,0,0,1,475,3,982,5,0,0,4,0,0,1,0,0,1,0,1,0
1,10,2,3,2,2,0,0,0,0,0,0,83,83,0,0,0,1,476,3,983,0,1,0,6,0,0,1,0,0,1,0,0,0
3,1,4,1,3,2,0,0,0,0,1,1,83,83,0,0,0,1,477,3,1473,8,1,0,7,0,0,1,1,1,0,0,1,0
1,3,4,3,0,1,0,0,0,0,0,0,83,83,0,0,0,2,478,3,1474,5,0,0,6,0,0,1,0,0,1,0,0,0
1,2,1,11,1,2,0,0,1,0,0,0,83,83,0,0,0,0,479,3,1477,3,0,0,2,0,0,1,2,0,1,1,1,0
1,5,3,6,1,3,0,0,0,0,0,0,83,83,0,0,0,1,480,3,1478,3,0,0,4,0,0,1,2,0,1,1,0,0
2,9,1,12,1,3,0,0,1,0,0,0,83,83,0,0,0,0,481,3,2056,5,0,0,1,0,1,0,1,0,1,0,1,0
1,4,0,9,3,3,0,0,1,0,0,0,83,83,0,0,0,0,482,3,110765,5,0,0,2,0,1,0,1,1,0,2,0,0
1,6,1,8,3,5,0,0,1,0,0,0,83,83,0,0,0,0,483,3,112115,3,0,0,2,0,0,1,1,0,1,1,1,0
2,11,6,2,0,1,0,0,0,0,0,0,83,83,0,0,0,2,484,3,112258,0,0,0,6,0,0,1,2,0,1,0,0,0
1,7,1,5,2,1,0,0,0,0,1,0,83,83,0,0,0,0,485,3,112558,9,1,0,5,0,0,1,1,1,0,1,1,0
0,2,0,2,0,0,0,0,0,0,0,0,111,111,0,0,0,0,486,0,111,0,0,0,0,0,0,0,0,0,0,0,0,0
0,2,0,2,0,0,0,0,0,0,0,0,111,111,0,0,0,0,487,0,112,0,0,0,0,0,0,0,0,0,0,0,0,0
16,7,23,11,10,20,0,0,0,0,0,0,189,189,0,0,0,6,488,28,322,4,2,3,30,0,5,0,1,0,9,3,3,0
15,2,30,2,20,17,0,0,0,0,0,0,189,189,0,0,0,9,489,28,324,10,6,10,54,0,1,0,1,0,3,5,4,0
13,8,22,4,19,18,0,0,0,0,0,0,189,189,0,0,0,7,490,28,894,8,4,8,43,0,1,0,1,0,6,4,6,0
17,5,17,10,17,28,0,0,0,0,0,0,189,189,0,0,0,5,491,28,896,4,4,10,32,0,6,0,1,0,8,2,3,0
16,4,21,7,15,24,0,0,0,0,0,0,189,189,0,0,0,8,492,28,897,3,3,8,38,0,4,0,1,0,8,3,2,0
18,6,30,5,11,19,0,0,0,0,0,0,189,189,0,0,0,10,493,28,898,3,2,8,41,0,3,0,1,0,8,4,1,0
9,1,37,1,19,18,0,0,0,0,0,1,189,189,0,0,0,11,494,28,900,0,5,0,54,0,1,0,2,0,5,4,2,0
23,10,25,8,11,33,0,0,0,0,0,0,189,189,0,0,0,8,495,28,1704,5,1,5,33,0,3,0,2,0,10,3,3,0
20,9,24,6,26,32,0,0,0,0,0,0,189,189,0,0,0,8,496,28,1713,3,3,5,41,0,3,0,1,0,6,5,3,0
15,11,21,9,17,28,0,0,0,0,0,0,189,189,0,0,0,6,497,28,1862,5,2,3,32,0,4,0,0,0,8,4,4,0
17,3,23,3,28,24,0,0,0,0,0,0,189,189,0,0,0,7,498,28,10032,10,7,3,46,0,4,0,0,0,6,1,3,0
29,12,15,12,15,27,0,0,0,0,0,0,189,189,0,0,0,2,499,28,115201,4,2,5,20,0,6,0,1,0,10,2,6,0
6,1,36,2,24,15,0,0,0,0,0,1,308,308,0,0,0,11,500,26,234,10,9,0,64,0,0,1,0,0,2,2,2,0
6,2,28,3,22,12,0,0,0,0,0,0,308,308,0,0,0,10,501,26,236,10,8,0,58,0,1,0,0,0,3,2,2,0
10,4,46,1,29,15,0,0,0,0,0,0,308,308,0,0,0,13,502,25,237,0,8,0,65,0,0,1,0,0,2,2,0,0
15,17,17,12,17,23,0,0,0,0,0,0,308,308,0,0,0,4,503,26,489,3,3,5,27,0,5,0,1,0,8,2,4,0
28,7,17,18,8,28,0,0,0,0,0,0,308,308,0,0,0,3,504,26,518,4,1,3,19,0,7,0,2,0,8,4,3,0
20,18,18,13,8,19,0,0,0,0,0,0,308,308,0,0,0,5,505,26,718,3,1,5,26,0,6,0,1,0,6,6,2,0
17,12,18,15,8,18,0,0,0,0,0,0,308,308,0,0,0,4,506,26,744,5,0,3,25,0,3,0,1,0,6,7,6,0
14,6,26,5,15,13,0,0,0,0,0,0,308,308,0,0,0,9,507,26,1887,8,6,10,50,0,3,0,0,0,3,4,1,0
14,13,23,9,12,25,0,0,0,0,0,0,308,308,0,0,0,5,508,26,1888,3,2,8,28,0,2,0,2,0,10,1,6,0
12,3,27,4,28,22,0,0,0,0,0,0,308,308,0,0,0,8,509,26,1896,10,8,10,53,0,2,0,0,0,3,2,3,0
26,9,17,10,16,25,0,0,0,0,0,0,308,308,0,0,0,4,510,26,1898,3,3,8,28,0,5,0,2,0,7,3,4,0
14,16,15,6,13,13,0,0,0,0,0,0,308,308,0,0,0,6,511,26,1900,8,6,5,42,0,4,0,0,0,4,3,3,0
16,14,23,14,19,33,0,0,0,0,0,0,308,308,0,0,0,6,512,26,10020,3,1,3,25,0,6,0,0,0,9,3,1,0
20,15,11,16,13,33,0,0,0,0,0,0,308,308,0,0,0,3,513,26,10031,5,3,5,23,0,6,0,2,0,9,1,4,0
26,11,15,17,11,26,0,0,0,0,0,0,308,308,0,0,0,2,514,26,111539,4,2,3,21,0,7,0,2,0,6,5,4,0
21,5,21,7,22,16,0,0,0,0,0,0,308,308,0,0,0,5,515,26,112513,8,5,3,34,0,6,0,2,0,6,2,2,0
14,8,13,8,11,16,0,0,0,0,0,0,308,308,0,0,0,4,516,25,112809,8,2,8,28,0,3,0,1,0,6,5,5,0
14,10,6,11,17,25,0,0,0,0,0,0,308,308,0,0,0,2,517,26,114510,3,5,3,27,0,7,0,2,0,6,2,4,0
17,4,23,4,24,21,0,0,0,0,0,0,330,330,0,0,0,7,518,30,308,8,6,0,49,0,3,0,0,0,4,5,5,0
18,5,36,2,19,14,0,0,0,0,0,0,330,330,0,0,0,10,519,30,310,10,5,10,55,0,3,0,0,0,2,8,2,0
15,16,10,14,12,26,0,0,0,0,0,0,330,330,0,0,0,5,520,30,100757,5,3,5,29,0,7,0,0,0,10,2,3,0
12,2,26,1,27,16,0,0,0,0,0,0,330,330,0,0,0,10,521,30,100761,0,9,0,64,0,2,0,2,0,2,4,3,0
19,15,13,11,18,17,0,0,0,0,0,0,330,330,0,0,0,2,522,30,110072,3,4,5,34,0,5,0,1,0,3,8,8,0
16,1,20,5,17,22,0,0,0,0,0,1,330,330,0,0,0,5,523,30,110075,8,6,0,43,0,3,0,1,0,6,3,7,0
21,9,21,10,8,11,0,0,0,0,0,0,330,330,0,0,0,5,524,30,110078,3,2,10,35,0,4,0,2,0,5,8,6,0
19,13,22,8,14,24,0,0,0,0,0,0,330,330,0,0,0,7,525,30,110750,3,3,3,40,0,3,0,2,0,7,5,5,0
19,10,14,7,21,19,0,0,0,0,0,0,330,330,0,0,0,5,526,30,110751,3,5,3,42,0,6,0,1,0,2,8,4,0
20,11,14,16,16,32,0,0,0,0,0,0,330,330,0,0,0,2,527,30,110752,4,1,3,21,0,5,0,1,0,10,4,8,0
20,14,17,12,16,24,0,0,0,0,0,0,330,330,0,0,0,4,528,30,110815,5,3,5,33,0,4,0,1,0,7,5,7,0
21,8,15,15,16,28,0,0,0,0,0,0,330,330,0,0,0,3,529,30,113182,4,3,3,28,0,7,0,1,0,7,5,5,0
15,6,26,6,17,19,0,0,0,0,0,0,330,330,0,0,0,7,530,30,113378,8,5,8,43,0,3,0,0,0,8,2,5,0
11,12,25,9,11,20,0,0,0,0,0,0,330,330,0,0,0,8,531,30,114147,3,1,3,40,0,1,0,2,0,7,7,6,0
6,3,29,3,25,23,0,0,0,0,0,0,330,330,0,0,0,10,532,30,114385,10,5,10,53,0,1,0,0,0,6,4,4,0
27,7,28,13,15,23,0,0,0,0,0,0,330,330,0,0,0,6,533,30,115716,5,3,8,31,0,7,0,2,0,10,2,2,0
6,3,37,1,35,7,0,0,0,0,1,0,350,350,0,0,0,12,534,24,605,0,10,0,68,0,0,1,0,1,0,1,1,0
22,1,26,4,22,11,0,0,0,0,0,1,350,350,0,0,0,7,535,24,607,8,6,0,43,0,4,0,0,0,3,3,1,0
14,4,16,10,11,17,0,0,0,0,0,0,350,350,0,0,0,4,536,24,111674,3,3,9,28,0,4,0,0,0,6,4,3,0
14,7,16,6,14,11,0,0,0,0,0,0,350,350,0,0,0,4,537,24,112096,8,5,8,35,0,3,0,1,0,4,4,4,0
18,2,31,2,35,15,0,0,0,0,0,0,350,350,0,0,0,8,538,24,112139,9,10,0,56,0,2,0,0,0,2,0,2,0
6,15,17,3,32,19,0,0,0,0,0,0,350,350,0,0,0,7,539,24,112387,9,7,0,47,0,1,0,2,0,4,1,4,0
21,6,20,9,19,15,0,0,0,0,0,0,350,350,0,0,0,3,540,24,112390,3,5,8,31,0,6,0,2,0,3,3,4,0
21,10,15,13,15,17,0,0,0,0,0,0,350,350,0,0,0,4,541,24,112392,5,2,3,24,0,7,0,1,0,5,5,1,0
15,5,21,5,18,13,0,0,0,0,0,0,350,350,0,0,0,6,542,24,112393,8,5,8,40,0,4,0,1,0,2,5,2,0
19,13,27,12,9,23,0,0,0,0,0,0,350,350,0,0,0,6,543,24,112408,3,2,3,27,0,3,0,2,0,10,0,3,0
23,9,17,16,7,24,0,0,0,0,0,0,350,350,0,0,0,5,544,24,112572,4,1,3,22,0,5,0,1,0,9,2,2,0
16,14,15,11,13,18,0,0,0,0,0,0,350,350,0,0,0,3,545,24,112883,3,4,5,28,0,4,0,1,0,6,2,5,0
16,18,9,15,13,29,0,0,0,0,0,0,350,350,0,0,0,3,546,24,113037,4,3,5,24,0,5,0,1,0,7,2,4,0
18,11,10,8,21,20,0,0,0,0,0,0,350,350,0,0,0,2,547,24,113057,3,6,5,32,0,5,0,1,0,3,3,5,0
19,12,15,17,13,40,0,0,0,0,0,0,350,350,0,0,0,6,548,24,113058,4,0,5,21,0,4,0,0,0,11,1,2,0
16,17,11,14,10,20,0,0,0,0,0,0,350,350,0,0,0,5,549,24,113060,5,2,5,24,0,7,0,1,0,7,3,0,0
14,8,24,7,14,17,0,0,0,0,0,0,350,350,0,0,0,6,550,24,113217,3,3,3,34,0,2,0,2,0,6,3,4,0
36,16,12,18,13,23,0,0,0,0,0,0,350,350,0,0,0,2,551,24,113222,4,0,5,15,0,8,0,2,0,5,7,2,0
25,3,25,9,11,15,0,0,0,0,0,0,351,351,0,0,0,4,552,21,111393,11,2,14,22,0,5,0,0,0,6,1,3,0
21,8,24,8,13,26,0,0,0,0,0,0,351,351,0,0,0,5,553,22,111395,11,2,13,26,0,4,0,2,0,6,2,3,0
14,2,22,2,16,8,0,0,0,0,0,1,351,351,0,0,0,6,554,21,111396,15,6,14,40,0,3,0,0,0,2,2,2,0
9,11,15,4,21,17,0,0,0,0,0,0,351,351,0,0,0,4,555,22,111397,14,4,13,35,0,2,0,1,0,1,8,3,0
14,10,13,11,19,28,0,0,0,0,0,0,351,351,0,0,0,2,556,22,111398,5,2,11,20,0,4,0,2,0,6,4,4,0
21,9,23,10,15,22,0,0,0,0,0,0,351,351,0,0,0,4,557,21,111399,5,1,11,21,0,4,0,2,0,6,3,3,0
13,5,18,5,21,21,0,0,0,0,0,0,351,351,0,0,0,5,558,21,111400,13,4,16,31,0,3,0,2,0,5,2,2,0
10,6,18,1,17,13,0,0,0,0,0,0,351,351,0,0,0,7,559,22,111766,16,5,13,43,0,1,0,0,0,2,5,2,0
10,1,26,7,11,23,0,0,0,0,0,0,351,351,0,0,0,5,560,21,112224,11,3,16,29,0,2,0,0,0,6,1,4,0
18,4,20,6,14,20,0,0,0,0,0,0,351,351,0,0,0,4,561,22,112427,13,5,14,31,0,5,0,0,0,4,2,2,0
13,7,11,12,13,27,0,0,0,0,0,0,351,351,0,0,0,3,562,21,114023,5,2,14,19,0,5,0,1,0,7,2,2,0
22,12,20,3,19,15,0,0,0,0,0,0,351,351,0,0,0,4,563,22,114604,14,5,11,35,0,3,0,0,0,2,3,5,0
3,2,5,9,4,7,0,1,0,0,0,0,353,353,0,0,0,3,564,11,1013,3,0,3,15,0,1,0,0,0,1,4,2,0
4,2,13,1,8,3,0,1,0,0,1,0,353,353,0,0,0,3,565,11,1876,9,2,9,21,0,0,1,0,1,0,3,3,0
5,2,10,6,4,4,0,0,0,0,0,1,353,353,0,0,0,3,566,10,1877,3,1,9,16,0,0,1,0,0,2,2,2,0
2,2,6,3,5,5,0,1,0,0,0,0,353,353,0,0,0,3,567,10,101083,8,2,8,18,0,1,0,2,0,1,2,1,0
7,2,8,9,5,10,0,1,0,0,0,0,353,353,0,0,0,2,568,11,101084,3,2,3,13,0,2,0,2,0,4,0,1,0
6,2,8,8,7,4,0,0,0,0,0,0,353,353,0,0,0,2,569,11,101085,3,2,9,15,0,3,0,1,0,1,2,1,0
4,26,8,3,5,8,0,0,0,0,0,0,353,353,0,0,0,4,570,11,101088,9,2,8,21,0,1,0,0,0,1,2,1,0
4,14,4,6,6,3,0,0,0,0,0,0,353,353,0,0,0,2,571,11,110093,3,3,8,18,0,2,0,2,0,1,2,1,0
0,23,0,28,0,0,0,0,0,0,0,0,353,353,0,0,0,0,572,0,110394,0,0,0,0,0,0,0,0,0,0,0,0,0
5,27,6,2,11,3,0,1,0,0,0,0,353,353,0,0,0,2,573,11,110395,9,5,8,22,0,2,0,0,0,1,0,1,0
7,2,4,4,7,4,0,1,0,0,0,0,353,353,0,0,0,2,574,11,110396,3,3,3,18,0,2,0,1,0,1,1,2,0
6,24,3,10,7,6,0,1,0,0,0,0,353,353,0,0,0,1,575,11,110404,3,1,3,11,0,3,0,1,0,1,3,2,0
0,25,0,27,0,0,0,0,0,0,0,0,353,353,0,0,0,0,576,0,110406,0,0,0,0,0,0,0,0,0,0,0,0,0
1,20,4,8,3,12,0,1,0,0,0,0,353,353,0,0,0,3,577,11,110580,3,1,3,14,0,0,1,2,0,5,1,1,0
6,28,7,7,7,3,0,0,0,0,0,0,353,353,0,0,0,2,578,11,110953,3,3,5,17,0,2,0,2,0,2,0,2,0
4,2,16,2,4,6,0,0,0,0,0,0,353,353,0,0,0,6,579,11,111019,9,0,8,21,0,0,1,0,0,2,3,0,0
7,27,8,13,5,8,0,0,0,0,0,0,353,353,0,0,0,1,580,11,111022,5,0,5,8,0,2,0,2,0,3,2,3,0
3,15,6,1,7,1,0,1,0,0,0,0,353,353,0,0,0,3,581,11,111706,0,4,3,23,0,1,0,2,0,1,0,2,0
6,5,3,14,1,10,0,1,1,0,0,0,353,353,0,0,0,0,582,11,111708,4,0,5,6,0,1,0,1,0,4,1,5,0
7,2,7,5,6,6,0,1,0,0,0,0,353,353,0,0,0,2,583,11,111710,3,2,8,17,0,1,0,1,0,1,3,2,0
3,2,4,12,3,9,0,0,0,0,0,0,353,353,0,0,0,1,584,11,111711,5,1,3,9,0,1,0,2,0,5,0,3,0
6,2,3,14,2,11,0,1,0,0,0,0,353,353,0,0,0,1,585,11,111715,4,0,3,5,0,3,0,2,0,5,1,1,0
7,22,8,7,4,3,0,1,0,0,0,0,353,353,0,0,0,2,586,11,111716,3,2,3,16,0,2,0,1,0,1,2,2,0
6,13,12,4,8,7,0,1,0,0,0,0,353,353,0,0,0,3,587,11,112670,8,2,8,19,0,1,0,1,0,1,3,1,0
1,19,2,10,3,10,0,0,0,0,0,0,353,353,0,0,0,1,588,11,112689,3,1,5,12,0,0,1,1,0,3,2,4,0
7,21,6,12,3,9,0,0,0,0,0,0,353,353,0,0,0,1,589,11,112713,5,1,5,9,0,3,0,2,0,3,2,1,0
5,16,5,11,4,7,0,0,0,0,0,0,353,353,0,0,0,1,590,11,112965,3,1,5,10,0,2,0,1,0,3,2,2,0
6,17,8,5,4,3,0,0,0,0,0,0,353,353,0,0,0,3,591,11,113044,8,2,5,19,0,1,0,0,0,1,2,2,0
0,2,0,2,0,0,0,0,0,0,0,0,382,382,0,0,0,0,592,0,111592,0,0,0,0,0,0,0,0,0,0,0,0,0
0,2,0,2,0,0,0,0,0,0,0,0,383,383,0,0,0,0,593,0,112428,0,0,0,0,0,0,0,0,0,0,0,0,0
0,2,0,2,0,0,0,0,0,0,0,0,383,383,0,0,0,0,594,0,115486,0,0,0,0,0,0,0,0,0,0,0,0,0
0,2,0,2,0,0,0,0,0,0,0,0,1003,1003,0,0,0,0,595,0,383,0,0,0,0,0,0,0,0,0,0,0,0,0
0,2,0,2,0,0,0,0,0,0,0,0,1003,1003,0,0,0,0,596,0,567,0,0,0,0,0,0,0,0,0,0,0,0,0
0,2,0,2,0,0,0,0,0,0,0,0,1003,1003,0,0,0,0,597,0,1035,0,0,0,0,0,0,0,0,0,0,0,0,0
0,2,0,2,0,0,0,0,0,0,0,0,1003,1003,0,0,0,0,598,0,1039,0,0,0,0,0,0,0,0,0,0,0,0,0
0,2,0,2,0,0,0,0,0,0,0,0,1003,1003,0,0,0,0,599,0,1041,0,0,0,0,0,0,0,0,0,0,0,0,0
0,2,0,2,0,0,0,0,0,0,0,0,1003,1003,0,0,0,0,600,0,1043,0,0,0,0,0,0,0,0,0,0,0,0,0
0,2,0,2,0,0,0,0,0,0,0,0,1003,1003,0,0,0,0,601,0,1048,0,0,0,0,0,0,0,0,0,0,0,0,0
0,2,0,2,0,0,0,0,0,0,0,0,1003,1003,0,0,0,0,602,0,101100,0,0,0,0,0,0,0,0,0,0,0,0,0
0,2,0,2,0,0,0,0,0,0,0,0,1003,1003,0,0,0,0,603,0,101103,0,0,0,0,0,0,0,0,0,0,0,0,0
0,2,0,2,0,0,0,0,0,0,0,0,1003,1003,0,0,0,0,604,0,101108,0,0,0,0,0,0,0,0,0,0,0,0,0
0,2,0,2,0,0,0,0,0,0,0,0,1003,1003,0,0,0,0,605,0,110581,0,0,0,0,0,0,0,0,0,0,0,0,0
0,2,0,2,0,0,0,0,0,0,0,0,1003,1003,0,0,0,0,606,0,110968,0,0,0,0,0,0,0,0,0,0,0,0,0
0,2,0,2,0,0,0,0,0,0,0,0,1003,1003,0,0,0,0,607,0,110969,0,0,0,0,0,0,0,0,0,0,0,0,0
0,2,0,2,0,0,0,0,0,0,0,0,1003,1003,0,0,0,0,608,0,110980,0,0,0,0,0,0,0,0,0,0,0,0,0
0,2,0,2,0,0,0,0,0,0,0,0,1003,1003,0,0,0,0,609,0,110981,0,0,0,0,0,0,0,0,0,0,0,0,0
0,2,0,2,0,0,0,0,0,0,0,0,1003,1003,0,0,0,0,610,0,110987,0,0,0,0,0,0,0,0,0,0,0,0,0
0,2,0,2,0,0,0,0,0,0,0,0,1003,1003,0,0,0,0,611,0,110993,0,0,0,0,0,0,0,0,0,0,0,0,0
0,2,0,2,0,0,0,0,0,0,0,0,1003,1003,0,0,0,0,612,0,111008,0,0,0,0,0,0,0,0,0,0,0,0,0
0,2,0,2,0,0,0,0,0,0,0,0,1003,1003,0,0,0,0,613,0,111010,0,0,0,0,0,0,0,0,0,0,0,0,0
0,2,0,2,0,0,0,0,0,0,0,0,1003,1003,0,0,0,0,614,0,111013,0,0,0,0,0,0,0,0,0,0,0,0,0
0,2,0,2,0,0,0,0,0,0,0,0,1003,1003,0,0,0,0,615,0,111325,0,0,0,0,0,0,0,0,0,0,0,0,0
0,2,0,2,0,0,0,0,0,0,0,0,1003,1003,0,0,0,0,616,0,111326,0,0,0,0,0,0,0,0,0,0,0,0,0
0,2,0,2,0,0,0,0,0,0,0,0,1003,1003,0,0,0,0,617,0,111334,0,0,0,0,0,0,0,0,0,0,0,0,0
0,2,0,2,0,0,0,0,0,0,0,0,1003,1003,0,0,0,0,618,0,112585,0,0,0,0,0,0,0,0,0,0,0,0,0
0,2,0,2,0,0,0,0,0,0,0,0,1003,1003,0,0,0,0,619,0,112716,0,0,0,0,0,0,0,0,0,0,0,0,0
0,2,0,2,0,0,0,0,0,0,0,0,1003,1003,0,0,0,0,620,0,112744,0,0,0,0,0,0,0,0,0,0,0,0,0
0,2,0,2,0,0,0,0,0,0,0,0,1003,1003,0,0,0,0,621,0,112908,0,0,0,0,0,0,0,0,0,0,0,0,0
0,2,0,2,0,0,0,0,0,0,0,0,1003,1003,0,0,0,0,622,0,112914,0,0,0,0,0,0,0,0,0,0,0,0,0
0,2,0,2,0,0,0,0,0,0,0,0,1014,1014,0,0,0,0,623,0,517,0,0,0,0,0,0,0,0,0,0,0,0,0
0,2,0,2,0,0,0,0,0,0,0,0,1014,1014,0,0,0,0,624,0,598,0,0,0,0,0,0,0,0,0,0,0,0,0
0,2,0,2,0,0,0,0,0,0,0,0,1014,1014,0,0,0,0,625,0,1053,0,0,0,0,0,0,0,0,0,0,0,0,0
0,2,0,2,0,0,0,0,0,0,0,0,1014,1014,0,0,0,0,626,0,101097,0,0,0,0,0,0,0,0,0,0,0,0,0
0,2,0,2,0,0,0,0,0,0,0,0,1014,1014,0,0,0,0,627,0,101101,0,0,0,0,0,0,0,0,0,0,0,0,0
0,2,0,2,0,0,0,0,0,0,0,0,1014,1014,0,0,0,0,628,0,101104,0,0,0,0,0,0,0,0,0,0,0,0,0
0,2,0,2,0,0,0,0,0,0,0,0,1014,1014,0,0,0,0,629,0,101105,0,0,0,0,0,0,0,0,0,0,0,0,0
0,2,0,2,0,0,0,0,0,0,0,0,1014,1014,0,0,0,0,630,0,101109,0,0,0,0,0,0,0,0,0,0,0,0,0
0,2,0,2,0,0,0,0,0,0,0,0,1014,1014,0,0,0,0,631,0,101110,0,0,0,0,0,0,0,0,0,0,0,0,0
0,2,0,2,0,0,0,0,0,0,0,0,1014,1014,0,0,0,0,632,0,110967,0,0,0,0,0,0,0,0,0,0,0,0,0
0,2,0,2,0,0,0,0,0,0,0,0,1014,1014,0,0,0,0,633,0,110970,0,0,0,0,0,0,0,0,0,0,0,0,0
0,2,0,2,0,0,0,0,0,0,0,0,1014,1014,0,0,0,0,634,0,110975,0,0,0,0,0,0,0,0,0,0,0,0,0
0,2,0,2,0,0,0,0,0,0,0,0,1014,1014,0,0,0,0,635,0,110978,0,0,0,0,0,0,0,0,0,0,0,0,0
0,2,0,2,0,0,0,0,0,0,0,0,1014,1014,0,0,0,0,636,0,110982,0,0,0,0,0,0,0,0,0,0,0,0,0
0,2,0,2,0,0,0,0,0,0,0,0,1014,1014,0,0,0,0,637,0,110984,0,0,0,0,0,0,0,0,0,0,0,0,0
0,2,0,2,0,0,0,0,0,0,0,0,1014,1014,0,0,0,0,638,0,110986,0,0,0,0,0,0,0,0,0,0,0,0,0
0,2,0,2,0,0,0,0,0,0,0,0,1014,1014,0,0,0,0,639,0,110989,0,0,0,0,0,0,0,0,0,0,0,0,0
0,2,0,2,0,0,0,0,0,0,0,0,1014,1014,0,0,0,0,640,0,110990,0,0,0,0,0,0,0,0,0,0,0,0,0
0,2,0,2,0,0,0,0,0,0,0,0,1014,1014,0,0,0,0,641,0,110998,0,0,0,0,0,0,0,0,0,0,0,0,0
0,2,0,2,0,0,0,0,0,0,0,0,1014,1014,0,0,0,0,642,0,111004,0,0,0,0,0,0,0,0,0,0,0,0,0
0,2,0,2,0,0,0,0,0,0,0,0,1014,1014,0,0,0,0,643,0,111011,0,0,0,0,0,0,0,0,0,0,0,0,0
0,2,0,2,0,0,0,0,0,0,0,0,1014,1014,0,0,0,0,644,0,111014,0,0,0,0,0,0,0,0,0,0,0,0,0
0,2,0,2,0,0,0,0,0,0,0,0,1014,1014,0,0,0,0,645,0,111042,0,0,0,0,0,0,0,0,0,0,0,0,0
0,2,0,2,0,0,0,0,0,0,0,0,1014,1014,0,0,0,0,646,0,111052,0,0,0,0,0,0,0,0,0,0,0,0,0
0,2,0,2,0,0,0,0,0,0,0,0,1014,1014,0,0,0,0,647,0,111328,0,0,0,0,0,0,0,0,0,0,0,0,0
0,2,0,2,0,0,0,0,0,0,0,0,1014,1014,0,0,0,0,648,0,111329,0,0,0,0,0,0,0,0,0,0,0,0,0
0,2,0,2,0,0,0,0,0,0,0,0,1014,1014,0,0,0,0,649,0,111332,0,0,0,0,0,0,0,0,0,0,0,0,0
0,2,0,2,0,0,0,0,0,0,0,0,1014,1014,0,0,0,0,650,0,111722,0,0,0,0,0,0,0,0,0,0,0,0,0
0,2,0,2,0,0,0,0,0,0,0,0,1014,1014,0,0,0,0,651,0,112001,0,0,0,0,0,0,0,0,0,0,0,0,0
0,2,0,2,0,0,0,0,0,0,0,0,1014,1014,0,0,0,0,652,0,112184,0,0,0,0,0,0,0,0,0,0,0,0,0
0,2,0,2,0,0,0,0,0,0,0,0,1014,1014,0,0,0,0,653,0,112472,0,0,0,0,0,0,0,0,0,0,0,0,0
0,2,0,2,0,0,0,0,0,0,0,0,1014,1014,0,0,0,0,654,0,112578,0,0,0,0,0,0,0,0,0,0,0,0,0
0,2,0,2,0,0,0,0,0,0,0,0,1014,1014,0,0,0,0,655,0,112707,0,0,0,0,0,0,0,0,0,0,0,0,0
0,2,0,2,0,0,0,0,0,0,0,0,1014,1014,0,0,0,0,656,0,113029,0,0,0,0,0,0,0,0,0,0,0,0,0
0,2,0,2,0,0,0,0,0,0,0,0,1014,1014,0,0,0,0,657,0,114580,0,0,0,0,0,0,0,0,0,0,0,0,0
0,2,0,2,0,0,0,0,0,0,0,0,1014,1014,0,0,0,0,658,0,114582,0,0,0,0,0,0,0,0,0,0,0,0,0
0,2,0,2,0,0,0,0,0,0,0,0,1014,1014,0,0,0,0,659,0,114600,0,0,0,0,0,0,0,0,0,0,0,0,0
0,2,0,2,0,0,0,0,0,0,0,0,1014,1014,0,0,0,0,660,0,114611,0,0,0,0,0,0,0,0,0,0,0,0,0
0,2,0,2,0,0,0,0,0,0,0,0,1014,1014,0,0,0,0,661,0,115358,0,0,0,0,0,0,0,0,0,0,0,0,0
0,2,0,2,0,0,0,0,0,0,0,0,1014,1014,0,0,0,0,662,0,116007,0,0,0,0,0,0,0,0,0,0,0,0,0
0,2,0,2,0,0,0,0,0,0,0,0,1014,1014,0,0,0,0,663,0,116295,0,0,0,0,0,0,0,0,0,0,0,0,0
0,10,2,1,2,0,0,0,0,0,1,0,2012,2012,0,0,0,1,664,2,110955,0,1,0,6,0,0,1,0,1,0,0,0,0
2,2,4,3,0,0,0,0,0,0,1,0,2012,2012,0,0,0,1,665,2,111724,9,0,0,4,0,0,1,1,1,0,0,1,0
0,7,0,5,2,0,0,0,0,0,1,0,2012,2012,0,0,0,0,666,2,111768,8,1,0,4,0,0,1,1,1,0,1,0,0
0,13,0,9,3,4,0,0,0,0,0,0,2012,2012,0,0,0,0,667,2,111769,3,1,0,3,0,0,1,0,0,1,0,0,0
0,14,0,16,0,0,0,0,0,0,0,0,2012,2012,0,0,0,0,668,0,111773,0,0,0,0,0,0,0,0,0,0,0,0,0
1,8,1,2,4,0,0,0,0,0,1,0,2012,2012,0,0,0,0,669,2,111774,9,1,0,4,0,0,1,0,1,0,0,1,0
2,6,2,11,1,1,0,0,1,0,1,0,2012,2012,0,0,0,0,670,2,111779,3,0,0,2,0,0,1,1,1,0,1,1,0
0,3,1,6,0,0,0,0,0,0,1,0,2012,2012,0,0,0,1,671,2,112163,8,0,0,4,0,0,1,1,1,0,0,1,0
0,11,0,15,0,0,0,0,0,0,0,0,2012,2012,0,0,0,0,672,0,112378,0,0,0,0,0,0,0,0,0,0,0,0,0
1,4,3,4,0,0,0,0,0,0,1,0,2012,2012,0,0,0,1,673,2,112540,8,0,0,4,0,0,1,1,1,0,1,0,0
3,16,1,13,1,1,0,0,1,0,0,0,2012,2012,0,0,0,0,674,2,112979,3,0,0,1,0,1,0,2,1,0,1,0,0
2,12,1,10,0,0,0,0,0,0,0,0,2012,2012,0,0,0,1,675,2,112985,3,0,0,3,0,1,0,0,1,0,0,0,0
2,9,0,12,2,2,0,0,1,0,0,0,2012,2012,0,0,0,0,676,2,114628,3,0,0,1,0,1,0,1,1,0,1,0,0
0,5,2,7,0,1,0,0,0,0,0,0,2012,2012,0,0,0,1,677,2,116360,3,0,0,3,0,0,1,2,0,1,0,0,0
0,1,0,8,4,4,0,0,0,0,0,1,2012,2012,0,0,0,0,678,2,116361,3,1,0,3,0,0,1,0,0,1,0,0,0
1,15,0,15,0,2,0,0,1,0,0,0,2012,2012,0,0,0,0,679,2,131173,4,0,0,0,0,1,0,2,0,1,0,0,0
0,2,0,2,0,0,0,0,0,0,0,0,2028,2028,0,0,0,0,680,0,112264,0,0,0,0,0,0,0,0,0,0,0,0,0
12,8,19,14,14,20,0,0,0,0,0,0,2076,2076,0,0,0,7,681,30,33,3,4,7,38,0,6,0,2,0,8,3,2,0
22,16,22,15,18,21,0,0,0,0,0,0,2076,20,0,0,0,4,682,30,159,5,4,6,33,0,6,0,2,0,7,4,5,0
13,19,25,7,14,18,0,0,0,0,0,0,2076,2076,0,0,0,9,683,29,172,3,4,5,46,0,3,0,2,0,6,4,3,0
14,6,28,2,21,16,0,0,0,0,0,0,2076,2076,0,0,0,10,684,30,503,6,7,6,54,0,3,0,1,0,7,1,2,0
14,14,23,9,14,22,0,0,0,0,0,0,2076,2076,0,0,0,9,685,30,506,3,3,3,45,0,4,0,0,0,5,7,2,0
16,5,19,10,26,16,0,0,0,0,0,0,2076,2076,0,0,0,5,686,29,523,3,5,7,43,0,3,0,2,0,3,7,6,0
22,15,28,6,17,22,0,0,0,0,0,0,2076,2076,0,0,0,10,687,30,526,8,4,3,47,0,4,0,0,0,7,3,2,0
16,20,28,4,25,22,0,0,0,0,0,0,2076,2076,0,0,0,8,688,30,531,3,6,5,52,0,1,0,0,0,5,5,5,0
14,17,21,3,21,19,0,0,0,0,0,0,2076,20,0,0,0,7,689,30,543,6,8,6,54,0,2,0,2,0,4,3,6,0
23,12,20,18,11,21,0,0,0,0,0,0,2076,2076,0,0,0,6,690,30,1825,4,1,3,29,0,8,0,0,0,7,6,2,0
22,18,15,19,12,33,0,0,0,0,0,0,2076,2076,0,0,0,3,691,30,1829,4,2,5,26,0,5,0,0,0,9,4,7,0
13,17,24,1,24,19,0,0,0,0,0,0,2076,2076,0,0,0,8,692,30,110176,7,8,5,55,0,2,0,1,0,5,3,4,0
17,18,28,5,15,20,0,0,0,0,0,0,2076,20,0,0,0,8,693,30,110178,8,5,6,48,0,3,0,0,0,5,5,4,0
26,16,25,16,20,32,0,0,0,0,0,0,2076,2076,0,0,0,6,694,30,110482,5,3,5,32,0,6,0,1,0,10,2,3,0
21,10,22,12,24,24,0,0,0,0,0,0,2076,2076,0,0,0,5,695,30,110501,3,6,3,41,0,5,0,0,0,6,3,5,0
21,7,22,17,14,28,0,0,0,0,0,0,2076,2076,0,0,0,6,696,30,110532,4,2,6,31,0,5,0,0,0,10,2,5,0
25,9,24,13,23,26,0,0,0,0,0,0,2076,2076,0,0,0,7,697,30,110645,3,3,3,39,0,4,0,2,0,7,5,4,0
19,13,23,8,20,22,0,0,0,0,0,0,2076,2076,0,0,0,7,698,30,110676,8,5,5,45,0,5,0,2,0,4,6,3,0
22,2,9,20,19,32,0,0,0,0,0,0,2076,2076,0,0,0,2,699,30,110691,4,3,5,20,0,8,0,1,0,12,1,4,0
19,11,31,11,19,23,0,0,0,0,0,0,2076,2076,0,0,0,7,700,30,111239,3,4,7,41,0,4,0,2,0,7,4,4,0
0,2,0,2,0,0,0,0,0,0,0,0,2092,2092,0,0,0,0,701,0,112288,0,0,0,0,0,0,0,0,0,0,0,0,0
0,2,0,2,0,0,0,0,0,0,0,0,2092,2092,0,0,0,0,702,0,112301,0,0,0,0,0,0,0,0,0,0,0,0,0
0,2,0,2,0,0,0,0,0,0,0,0,2092,2092,0,0,0,0,703,0,112303,0,0,0,0,0,0,0,0,0,0,0,0,0
0,2,0,2,0,0,0,0,0,0,0,0,2092,2092,0,0,0,0,704,0,112304,0,0,0,0,0,0,0,0,0,0,0,0,0
0,2,0,2,0,0,0,0,0,0,0,0,2092,2092,0,0,0,0,705,0,114019,0,0,0,0,0,0,0,0,0,0,0,0,0
0,2,0,9,0,0,0,0,0,0,0,0,2136,2136,0,0,0,0,706,0,113000,0,0,0,1950,0,0,0,0,0,0,0,0,0
0,2,0,2,0,0,0,0,0,0,0,0,2136,2136,0,0,0,0,707,0,113002,0,0,0,2021,0,0,0,0,0,0,0,0,0
0,2,0,3,0,0,0,0,0,0,0,0,2136,2136,0,0,0,0,708,0,113003,0,0,0,2018,0,0,0,0,0,0,0,0,0
0,2,0,5,0,0,0,0,0,0,0,0,2136,2136,0,0,0,0,709,0,113004,0,0,0,2005,0,0,0,0,0,0,0,0,0
0,2,0,16,0,0,0,0,0,0,0,0,2136,2136,0,0,0,0,710,0,113007,0,0,0,1841,0,0,0,0,0,0,0,0,0
0,2,0,6,0,0,0,0,0,0,0,0,2136,2136,0,0,0,0,711,0,113008,0,0,0,1998,0,0,0,0,0,0,0,0,0
0,2,0,4,0,0,0,0,0,0,0,0,2136,2136,0,0,0,0,712,0,113009,0,0,0,2011,0,0,0,0,0,0,0,0,0
0,2,0,31,0,0,0,0,0,0,0,0,2136,2136,0,0,0,0,713,0,113010,0,0,0,1668,0,0,0,0,0,0,0,0,0
0,2,0,8,0,0,0,0,0,0,0,0,2136,2136,0,0,0,0,714,0,113011,0,0,0,1951,0,0,0,0,0,0,0,0,0
0,2,0,1,0,0,0,0,0,0,0,0,2136,2136,0,0,0,0,715,0,113012,0,0,0,2085,0,0,0,0,0,0,0,0,0
0,2,0,18,0,0,0,0,0,0,0,0,2136,2136,0,0,0,0,716,0,113394,0,0,0,1822,0,0,0,0,0,0,0,0,0
0,2,0,24,0,0,0,0,0,0,0,0,2136,2136,0,0,0,0,717,0,113984,0,0,0,1732,0,0,0,0,0,0,0,0,0
0,2,0,33,0,0,0,0,0,0,0,0,2136,2136,0,0,0,0,718,0,113996,0,0,0,1648,0,0,0,0,0,0,0,0,0
0,2,0,21,0,0,0,0,0,0,0,0,2136,2136,0,0,0,0,719,0,115682,0,0,0,1758,0,0,0,0,0,0,0,0,0
0,2,0,15,0,0,0,0,0,0,0,0,2136,2136,0,0,0,0,720,0,116428,0,0,0,1843,0,0,0,0,0,0,0,0,0
9,9,11,10,9,13,0,0,0,0,0,0,2149,2149,0,0,0,3,769,19,111629,5,1,11,18,0,4,0,2,0,5,3,3,0
12,11,13,9,11,20,0,0,0,0,0,0,2149,2149,0,0,0,3,770,19,113040,11,1,11,20,0,3,0,2,0,4,5,3,0
12,3,18,2,20,10,0,0,0,0,0,0,2149,2149,0,0,0,5,771,18,113146,16,7,16,39,0,2,0,0,0,1,1,2,0
8,6,20,4,11,9,0,0,0,0,0,0,2149,2149,0,0,0,7,772,18,113257,14,3,13,35,0,0,1,2,0,3,2,3,0
12,8,12,11,6,16,0,0,0,0,0,0,2149,2149,0,0,0,4,773,18,113297,5,1,11,18,0,4,0,2,0,6,2,1,0
6,7,9,3,19,12,0,0,0,0,0,0,2149,2149,0,0,0,6,774,19,113298,14,4,14,36,0,2,0,0,0,1,5,1,0
15,5,20,5,6,8,0,0,0,0,0,0,2149,2149,0,0,0,6,775,18,113299,13,3,15,29,0,2,0,2,0,5,0,2,0
9,1,19,1,17,7,0,0,0,0,0,1,2149,2149,0,0,0,6,776,19,113300,15,6,16,41,0,1,0,0,0,1,2,3,0
19,2,3,12,6,14,0,0,0,0,0,0,2149,2149,0,0,0,0,777,19,113301,5,1,11,8,0,7,0,0,0,6,3,2,0
10,4,11,7,8,18,0,0,0,0,0,0,2149,2149,0,0,0,5,778,19,113302,11,0,14,21,0,1,0,2,0,7,3,3,0
12,10,9,8,14,14,0,0,0,0,0,0,2149,2149,0,0,0,2,779,19,114168,13,3,11,20,0,3,0,2,0,6,1,4,0
15,12,11,6,12,15,0,0,0,0,0,0,2149,2149,0,0,0,2,780,19,115202,11,3,11,21,0,4,0,1,0,4,3,3,0
1,1,21,1,21,4,0,0,0,0,1,1,2215,2215,0,0,0,8,781,17,115995,0,6,10,45,0,0,1,0,1,0,2,1,0
5,5,18,5,8,13,0,0,0,0,0,0,2215,2215,0,0,0,4,782,17,115996,8,2,3,25,0,1,0,1,0,3,4,3,0
11,3,20,4,10,8,0,0,0,0,0,0,2215,2215,0,0,0,6,783,17,115997,8,4,10,32,0,2,0,0,0,3,1,1,0
6,2,20,2,25,10,0,0,0,0,0,0,2215,2215,0,0,0,7,784,17,115998,10,5,0,38,0,1,0,2,0,2,1,1,0
11,4,20,3,19,11,0,0,0,0,0,0,2215,2215,0,0,0,4,785,17,115999,10,6,8,33,0,2,0,0,0,2,1,2,0
12,7,17,6,7,6,0,0,0,0,0,0,2215,2215,0,0,0,3,786,17,116001,3,3,3,23,0,3,0,1,0,3,2,3,0
17,6,10,8,11,15,0,0,0,0,0,0,2215,2215,0,0,0,1,787,17,116002,3,4,8,21,0,3,0,2,0,3,2,4,0
20,9,13,10,7,14,0,0,0,0,0,0,2215,2215,0,0,0,3,788,17,116003,5,1,3,14,0,6,0,2,0,5,2,0,0
10,8,10,7,16,10,0,0,0,0,0,0,2215,2215,0,0,0,3,789,17,116004,3,3,5,21,0,4,0,2,0,4,2,1,0
16,11,10,9,9,22,0,0,0,0,0,0,2215,2215,0,0,0,4,790,17,116021,5,0,3,16,0,4,0,0,0,5,3,1,0
12,10,5,12,5,34,0,0,1,0,0,0,2215,2215,0,0,0,0,791,17,131106,4,0,5,4,0,5,0,2,0,8,1,3,0
25,12,5,11,8,22,0,0,0,0,0,0,2215,2215,0,0,0,0,792,17,131386,4,3,5,12,0,6,0,0,0,5,1,2,0
6,3,17,3,20,12,0,0,0,0,0,0,2216,2216,0,0,0,7,793,17,116009,10,5,0,37,0,1,0,0,0,3,1,0,0
9,1,27,1,23,5,0,0,0,0,0,1,2216,2216,0,0,0,8,794,17,116010,0,6,0,43,0,1,0,0,0,1,1,0,0
11,9,8,6,15,18,0,0,0,0,0,0,2216,2216,0,0,0,3,795,17,116011,3,4,3,25,0,3,0,0,0,3,2,2,0
9,2,16,5,19,13,0,0,0,0,0,0,2216,2216,0,0,0,4,796,17,116012,8,4,10,28,0,2,0,2,0,3,2,2,0
22,11,9,8,15,17,0,0,0,0,0,0,2216,2216,0,0,0,1,797,17,116013,3,4,3,17,0,6,0,0,0,4,0,2,0
18,8,11,11,6,17,0,0,0,0,0,0,2216,2216,0,0,0,1,798,17,116014,5,2,3,12,0,6,0,2,0,5,1,2,0
23,5,9,7,13,12,0,0,0,0,0,0,2216,2216,0,0,0,1,799,17,116015,3,5,8,19,0,6,0,2,0,4,0,1,0
19,6,7,10,7,10,0,0,0,0,0,0,2216,2216,0,0,0,1,800,17,116016,5,3,8,15,0,6,0,1,0,4,1,2,0
6,4,27,2,18,5,0,0,0,0,0,0,2216,2216,0,0,0,7,801,17,116017,10,7,10,43,0,1,0,0,0,1,0,1,0
19,10,12,9,11,15,0,0,0,0,0,0,2216,2216,0,0,0,2,802,17,116020,3,2,5,16,0,5,0,2,0,4,2,2,0
7,7,13,4,12,14,0,0,0,0,0,0,2216,2216,0,0,0,4,803,17,116343,8,4,3,29,0,2,0,1,0,2,3,2,0
23,12,7,12,13,25,0,0,0,0,0,0,2216,2216,0,0,0,0,804,17,131283,4,1,5,6,0,8,0,2,0,5,3,0,0
3,1,34,1,36,6,0,0,0,1,1,1,2218,2218,0,0,0,8,805,18,116033,0,9,0,52,0,0,1,0,1,0,0,1,0
4,2,38,2,21,7,0,0,0,0,0,0,2218,2218,0,0,0,8,806,18,116034,10,6,0,45,0,1,0,0,1,0,3,0,0
13,3,14,3,36,9,0,0,0,0,0,0,2218,2218,0,0,0,5,807,17,116035,10,7,10,37,0,2,0,2,0,2,1,0,0
9,4,17,5,10,18,0,0,0,0,0,0,2218,2218,0,0,0,7,808,18,116036,3,1,10,26,0,1,0,0,0,7,1,1,0
14,5,15,6,10,15,0,0,0,0,0,0,2218,2218,0,0,0,5,809,18,116037,8,2,10,26,0,3,0,2,0,3,4,1,0
20,7,9,12,4,21,0,0,0,0,0,0,2218,2218,0,0,0,1,810,18,116038,4,0,3,7,0,5,0,2,0,8,1,3,0
24,10,13,8,10,17,0,0,0,0,0,0,2218,2218,0,0,0,4,811,18,116039,3,1,5,19,0,4,0,0,0,5,3,1,0
10,6,11,4,14,17,0,0,0,0,0,0,2218,2218,0,0,0,5,812,18,116040,8,3,3,27,0,2,0,0,0,5,1,2,0
15,9,10,10,6,21,0,0,0,0,0,0,2218,2218,0,0,0,3,813,18,116042,5,1,3,15,0,3,0,2,0,8,1,2,0
14,11,13,7,11,24,0,0,0,0,0,0,2218,2218,0,0,0,5,814,17,116044,3,2,5,22,0,3,0,0,0,6,0,1,0
22,8,17,9,9,17,0,0,0,0,0,0,2218,2218,0,0,0,2,815,18,116416,5,1,3,16,0,3,0,2,0,4,3,5,0
30,12,10,11,11,29,0,0,0,0,0,0,2218,2218,0,0,0,1,816,18,131219,4,0,5,8,0,6,0,2,0,6,2,3,0
0,1,1,5,1,2,0,0,0,0,0,1,2221,2221,0,0,0,1,817,2,116300,13,0,0,3,0,0,1,2,0,1,0,0,0
1,2,0,14,4,5,0,0,1,0,0,0,2221,2221,0,0,0,0,818,2,116302,11,0,0,0,0,1,0,2,0,1,0,0,0
1,7,5,3,1,2,0,0,0,0,0,0,2221,2221,0,0,0,1,819,2,116303,14,0,0,3,0,0,1,2,0,1,0,0,0
1,11,2,6,0,1,0,0,0,0,0,0,2221,2221,0,0,0,1,820,2,116304,13,0,0,3,0,0,1,0,0,1,0,0,0
1,6,2,1,2,0,0,0,0,0,1,0,2221,2221,0,0,0,1,821,2,116305,16,1,0,6,0,0,1,0,1,0,0,0,0
0,4,0,12,1,5,0,0,1,0,0,0,2221,2221,0,0,0,0,822,2,116306,11,0,0,1,0,0,1,1,0,1,0,1,0
1,10,1,9,2,2,0,0,1,0,1,0,2221,2221,0,0,0,0,823,2,116307,11,0,0,2,0,0,1,1,1,0,1,1,0
2,9,2,10,0,0,0,0,1,0,1,0,2221,2221,0,0,0,0,824,2,116308,11,0,0,2,0,0,1,1,1,0,1,1,0
4,5,5,2,2,1,0,0,0,0,1,0,2221,2221,0,0,0,1,825,2,116309,15,1,0,6,0,0,1,0,1,0,0,0,0
0,12,0,4,1,0,0,0,0,0,1,0,2221,2221,0,0,0,0,826,1,116310,14,1,0,3,0,0,1,0,1,0,0,0,0
1,8,0,11,1,1,0,0,1,0,0,0,2221,2221,0,0,0,0,827,2,116311,11,0,0,1,0,1,0,1,1,0,1,0,0
2,3,1,13,0,0,0,0,1,0,0,0,2221,2221,0,0,0,0,828,1,116312,11,0,0,0,0,1,0,2,1,0,0,0,0
3,1,56,1,36,2,0,0,0,0,1,1,2222,2222,0,0,0,10,829,21,116325,0,10,0,61,0,0,1,0,1,0,0,1,0
15,2,32,2,19,10,0,0,0,0,0,0,2222,2222,0,0,0,8,830,21,116326,10,8,10,49,0,3,0,2,0,1,1,0,0
6,5,14,5,22,10,0,0,0,0,0,0,2222,2222,0,0,0,5,831,21,116327,8,6,10,39,0,2,0,1,0,2,3,3,0
8,9,13,6,10,16,0,0,0,0,0,0,2222,2222,0,0,0,7,832,21,116328,3,4,3,35,0,3,0,0,0,5,2,0,0
21,11,8,15,11,33,0,0,0,0,0,0,2222,2222,0,0,0,3,833,21,116330,4,1,3,15,0,5,0,2,0,9,1,2,0
15,15,8,13,6,23,0,0,0,0,0,0,2222,2222,0,0,0,3,834,21,116331,5,2,5,19,0,5,0,1,0,7,1,3,0
9,7,16,9,11,26,0,0,0,0,0,0,2222,2222,0,0,0,5,835,21,116332,3,1,3,24,0,3,0,0,0,6,3,3,0
7,4,23,3,17,5,0,0,0,0,0,0,2222,2222,0,0,0,6,836,21,116333,10,6,10,43,0,1,0,0,0,1,4,3,0
17,6,18,4,31,15,0,0,0,0,0,0,2222,2222,0,0,0,6,837,21,116334,8,7,8,42,0,4,0,0,0,1,2,1,0
18,3,16,8,11,17,0,0,0,0,0,0,2222,2222,0,0,0,4,838,21,116336,3,3,10,28,0,3,0,2,0,4,3,4,0
14,8,24,7,16,26,0,0,0,0,0,0,2222,2222,0,0,0,6,839,21,116337,8,4,3,33,0,4,0,2,0,4,2,1,0
22,12,8,16,5,23,0,0,0,0,0,0,2222,2222,0,0,0,0,840,21,116338,4,1,5,5,0,9,0,2,0,9,1,1,0
20,13,15,10,12,26,0,0,0,0,0,0,2222,2222,0,0,0,2,841,21,116339,3,4,3,22,0,5,0,0,0,6,1,3,0
25,14,12,11,7,11,0,0,0,0,0,0,2222,2222,0,0,0,2,842,21,116340,3,3,5,21,0,5,0,1,0,5,3,3,0
18,10,14,12,10,21,0,0,0,0,0,0,2222,2222,0,0,0,2,843,21,131125,3,2,5,20,0,5,0,1,0,4,4,4,0
16,16,10,14,10,23,0,0,0,0,0,0,2222,2222,0,0,0,2,844,21,131391,5,2,5,15,0,7,0,2,0,7,2,1,0
0,2,0,2,0,0,0,0,0,0,0,0,2226,2226,0,0,0,0,845,0,116280,0,0,0,0,0,0,0,0,0,0,0,0,0
0,1,0,2,0,0,0,0,0,0,0,1,2226,2226,0,0,0,0,846,0,131358,0,0,0,0,0,0,0,0,0,0,0,0,0
0,1,0,2,0,0,0,0,0,0,0,1,2226,2226,0,0,0,0,847,0,131359,0,0,0,0,0,0,0,0,0,0,0,0,0
0,1,0,2,0,0,0,0,0,0,0,1,2226,2226,0,0,0,0,848,0,131360,0,0,0,0,0,0,0,0,0,0,0,0,0
0,1,0,2,0,0,0,0,0,0,0,1,2226,2226,0,0,0,0,849,0,131361,0,0,0,0,0,0,0,0,0,0,0,0,0
0,1,0,2,0,0,0,0,0,0,0,1,2226,2226,0,0,0,0,850,0,131362,0,0,0,0,0,0,0,0,0,0,0,0,0
0,1,0,2,0,0,0,0,0,0,0,1,2226,2226,0,0,0,0,851,0,131363,0,0,0,0,0,0,0,0,0,0,0,0,0
